part,layer_z,finite_xct5,in_fov,unique_pixels,in_fov_fraction,collision_fraction
part01,1,0,0,0,nan,nan
part01,2,0,0,0,nan,nan
part01,3,0,0,0,nan,nan
part01,4,0,0,0,nan,nan
part01,5,0,0,0,nan,nan
part01,6,0,0,0,nan,nan
part01,7,0,0,0,nan,nan
part01,8,0,0,0,nan,nan
part01,9,0,0,0,nan,nan
part01,10,0,0,0,nan,nan
part01,11,0,0,0,nan,nan
part01,12,0,0,0,nan,nan
part01,13,0,0,0,nan,nan
part01,14,0,0,0,nan,nan
part01,15,0,0,0,nan,nan
part01,16,0,0,0,nan,nan
part01,17,0,0,0,nan,nan
part01,18,0,0,0,nan,nan
part01,19,6362,6362,6256,1.0,0.01666142722414332
part01,20,6303,6303,6257,1.0,0.0072981120101538455
part01,21,6362,6362,6247,1.0,0.018076076705438537
part01,22,6303,6303,6256,1.0,0.007456766619070243
part01,23,6362,6362,6256,1.0,0.01666142722414332
part01,24,6303,6303,6257,1.0,0.0072981120101538455
part01,25,6362,6362,6247,1.0,0.018076076705438537
part01,26,6308,6308,6252,1.0,0.00887761572606216
part01,27,6212,6212,6084,1.0,0.020605280103026424
part01,28,6043,6043,5980,1.0,0.010425285454244593
part01,29,6079,6079,5901,1.0,0.02928113176509295
part01,30,5928,5928,5848,1.0,0.013495276653171406
part01,31,5950,5950,5806,1.0,0.02420168067226891
part01,32,5818,5818,5756,1.0,0.010656583018219368
part01,33,5887,5887,5703,1.0,0.03125530830643797
part01,34,5744,5744,5680,1.0,0.011142061281337101
part01,35,5759,5759,5633,1.0,0.0218787984025004
part01,36,5670,5670,5603,1.0,0.011816578483245133
part01,37,5695,5695,5554,1.0,0.024758560140474062
part01,38,5600,5600,5540,1.0,0.010714285714285676
part01,39,5635,5635,5504,1.0,0.023247559893522673
part01,40,5562,5562,5473,1.0,0.016001438331535445
part01,41,5632,5632,5441,1.0,0.03391335227272729
part01,42,5521,5521,5429,1.0,0.016663647889875066
part01,43,5567,5567,5412,1.0,0.027842644153044716
part01,44,5448,5448,5380,1.0,0.012481644640234935
part01,45,5503,5503,5351,1.0,0.027621297474105022
part01,46,5410,5410,5325,1.0,0.015711645101663563
part01,47,5440,5440,5305,1.0,0.024816176470588203
part01,48,5372,5372,5295,1.0,0.014333581533879425
part01,49,5439,5439,5274,1.0,0.030336458907887498
part01,50,5340,5340,5252,1.0,0.016479400749063622
part01,51,3781,3781,3638,1.0,0.03782068235916425
part01,52,3684,3684,3611,1.0,0.019815418023887088
part01,53,3808,3808,3619,1.0,0.049632352941176516
part01,54,3678,3678,3588,1.0,0.024469820554649302
part01,55,3745,3745,3599,1.0,0.038985313751668915
part01,56,3640,3640,3575,1.0,0.017857142857142905
part01,57,3776,3776,3583,1.0,0.05111228813559321
part01,58,3678,3678,3578,1.0,0.02718868950516584
part01,59,3712,3712,3568,1.0,0.03879310344827591
part01,60,3605,3605,3549,1.0,0.01553398058252431
part01,61,3743,3743,3563,1.0,0.048089767566123376
part01,62,3647,3647,3559,1.0,0.024129421442281362
part01,63,3684,3684,3538,1.0,0.039630836047774176
part01,64,3646,3646,3530,1.0,0.03181568842567195
part01,65,3713,3713,3546,1.0,0.04497710746027472
part01,66,3606,3606,3526,1.0,0.02218524681087075
part01,67,3710,3710,3532,1.0,0.04797843665768198
part01,68,3604,3604,3517,1.0,0.024139844617092066
part01,69,3680,3680,3524,1.0,0.04239130434782612
part01,70,3643,3643,3516,1.0,0.03486137798517708
part01,71,3681,3681,3517,1.0,0.04455311056778044
part01,72,3606,3606,3504,1.0,0.028286189683860208
part01,73,3711,3711,3507,1.0,0.05497170573969279
part01,74,3572,3572,3505,1.0,0.01875699888017912
part01,75,3653,3653,3503,1.0,0.04106214070626879
part01,76,3610,3610,3493,1.0,0.032409972299168976
part01,77,3679,3679,3507,1.0,0.046751834737700504
part01,78,3607,3607,3485,1.0,0.03382312170779045
part01,79,3681,3681,3499,1.0,0.04944308611790271
part01,80,3570,3570,3480,1.0,0.025210084033613467
part01,81,3646,3646,3489,1.0,0.0430608886450905
part01,82,3568,3568,3500,1.0,0.01905829596412556
part01,83,3648,3648,3510,1.0,0.03782894736842102
part01,84,3569,3569,3486,1.0,0.023255813953488413
part01,85,3679,3679,3501,1.0,0.048382712693666785
part01,86,3610,3610,3505,1.0,0.02908587257617734
part01,87,3684,3684,3509,1.0,0.04750271444082521
part01,88,3575,3575,3484,1.0,0.025454545454545507
part01,89,3713,3713,3499,1.0,0.057635335308375946
part01,90,3607,3607,3498,1.0,0.030219018574993095
part01,91,3649,3649,3512,1.0,0.03754453274869829
part01,92,3569,3569,3508,1.0,0.017091622303166187
part01,93,3679,3679,3522,1.0,0.042674639847784746
part01,94,3607,3607,3528,1.0,0.021901857499306954
part01,95,3679,3679,3522,1.0,0.042674639847784746
part01,96,3608,3608,3518,1.0,0.02494456762749442
part01,97,3712,3712,3532,1.0,0.04849137931034486
part01,98,3651,3651,3530,1.0,0.033141605039715194
part01,99,3715,3715,3537,1.0,0.0479138627187079
part01,100,3650,3650,3524,1.0,0.034520547945205426
part01,101,3745,3745,3542,1.0,0.0542056074766355
part01,102,3647,3647,3528,1.0,0.03262955854126681
part01,103,3680,3680,3539,1.0,0.03831521739130439
part01,104,3647,3647,3540,1.0,0.029339182890046667
part01,105,3713,3713,3554,1.0,0.04282251548612981
part01,106,3647,3647,3552,1.0,0.02604880723882641
part01,107,3713,3713,3573,1.0,0.03770535954753573
part01,108,3645,3645,3555,1.0,0.024691358024691357
part01,109,3743,3743,3584,1.0,0.04247929468340905
part01,110,3651,3651,3580,1.0,0.01944672692413041
part01,111,3748,3748,3579,1.0,0.04509071504802564
part01,112,3650,3650,3586,1.0,0.017534246575342416
part01,113,3775,3775,3603,1.0,0.04556291390728473
part01,114,3685,3685,3600,1.0,0.023066485753052923
part01,115,3776,3776,3613,1.0,0.04316737288135597
part01,116,3685,3685,3619,1.0,0.017910447761193993
part01,117,3807,3807,3629,1.0,0.04675597583399005
part01,118,3723,3723,3628,1.0,0.02551705613752353
part01,119,3808,3808,3637,1.0,0.0449054621848739
part01,120,3723,3723,3639,1.0,0.02256244963738918
part01,121,3839,3839,3653,1.0,0.0484501172180255
part01,122,3765,3765,3662,1.0,0.02735723771580345
part01,123,3845,3845,3664,1.0,0.04707412223667096
part01,124,3766,3766,3659,1.0,0.028412108337758868
part01,125,3872,3872,3684,1.0,0.04855371900826444
part01,126,3798,3798,3689,1.0,0.028699315429173256
part01,127,3872,3872,3694,1.0,0.045971074380165344
part01,128,3799,3799,3701,1.0,0.025796262174256346
part01,129,3904,3904,3716,1.0,0.04815573770491799
part01,130,3798,3798,3718,1.0,0.02106371774618221
part01,131,3903,3903,3728,1.0,0.044837304637458386
part01,132,3837,3837,3739,1.0,0.02554078707323426
part01,133,3936,3936,3750,1.0,0.047256097560975596
part01,134,3842,3842,3761,1.0,0.021082769390942224
part01,135,3939,3939,3775,1.0,0.04163493272404162
part01,136,3879,3879,3779,1.0,0.02577984016499102
part01,137,3968,3968,3785,1.0,0.04611895161290325
part01,138,3875,3875,3795,1.0,0.020645161290322567
part01,139,3967,3967,3810,1.0,0.03957650617595165
part01,140,3874,3874,3810,1.0,0.01652039235931857
part01,141,3999,3999,3832,1.0,0.04176044011002755
part01,142,3912,3912,3838,1.0,0.01891615541922287
part01,143,3999,3999,3841,1.0,0.039509877469367294
part01,144,3911,3911,3843,1.0,0.017386857581181303
part01,145,4033,4033,3873,1.0,0.03967270022315894
part01,146,3993,3993,3876,1.0,0.029301277235161516
part01,147,4037,4037,3895,1.0,0.035174634629675516
part01,148,3993,3993,3885,1.0,0.02704733283245675
part01,149,4064,4064,3907,1.0,0.038631889763779514
part01,150,4065,4065,3922,1.0,0.0351783517835178
part01,151,4129,4129,3947,1.0,0.04407846936304194
part01,152,4064,4064,3939,1.0,0.030757874015748032
part01,153,4159,4159,3968,1.0,0.045924501081990865
part01,154,4102,4102,3970,1.0,0.0321794246708923
part01,155,4160,4160,3996,1.0,0.039423076923076894
part01,156,4102,4102,4010,1.0,0.022428083861530945
part01,157,4191,4191,4025,1.0,0.03960868527797656
part02,1,0,0,0,nan,nan
part02,2,0,0,0,nan,nan
part02,3,0,0,0,nan,nan
part02,4,0,0,0,nan,nan
part02,5,0,0,0,nan,nan
part02,6,0,0,0,nan,nan
part02,7,0,0,0,nan,nan
part02,8,0,0,0,nan,nan
part02,9,0,0,0,nan,nan
part02,10,0,0,0,nan,nan
part02,11,0,0,0,nan,nan
part02,12,0,0,0,nan,nan
part02,13,0,0,0,nan,nan
part02,14,0,0,0,nan,nan
part02,15,0,0,0,nan,nan
part02,16,0,0,0,nan,nan
part02,17,0,0,0,nan,nan
part02,18,0,0,0,nan,nan
part02,19,0,0,0,nan,nan
part02,20,6303,6303,6242,1.0,0.009677931143899698
part02,21,6362,6362,6268,1.0,0.014775227915749811
part02,22,6303,6303,6239,1.0,0.010153894970648891
part02,23,6362,6362,6253,1.0,0.017132977051241727
part02,24,6303,6303,6242,1.0,0.009677931143899698
part02,25,6362,6362,6268,1.0,0.014775227915749811
part02,26,6308,6308,6251,1.0,0.009036144578313254
part02,27,6212,6212,6079,1.0,0.021410173857050907
part02,28,6043,6043,5974,1.0,0.0114181697832203
part02,29,6079,6079,5923,1.0,0.025662115479519687
part02,30,5928,5928,5838,1.0,0.015182186234817818
part02,31,5950,5950,5803,1.0,0.024705882352941133
part02,32,5818,5818,5739,1.0,0.013578549329666512
part02,33,5887,5887,5722,1.0,0.02802785799218621
part02,34,5744,5744,5669,1.0,0.013057103064066822
part02,35,5759,5759,5625,1.0,0.02326792845980208
part02,36,5670,5670,5591,1.0,0.013932980599647316
part02,37,5695,5695,5580,1.0,0.02019315188762072
part02,38,5600,5600,5534,1.0,0.011785714285714288
part02,39,5635,5635,5499,1.0,0.02413487133984027
part02,40,5562,5562,5469,1.0,0.016720604099244918
part02,41,5632,5632,5464,1.0,0.029829545454545414
part02,42,5521,5521,5431,1.0,0.01630139467487779
part02,43,5567,5567,5405,1.0,0.02910005388898873
part02,44,5448,5448,5370,1.0,0.014317180616740033
part02,45,5503,5503,5368,1.0,0.024532073414501143
part02,46,5410,5410,5319,1.0,0.01682070240295752
part02,47,5440,5440,5319,1.0,0.022242647058823506
part02,48,5372,5372,5296,1.0,0.014147431124348464
part02,49,5439,5439,5269,1.0,0.03125574554145982
part02,50,5340,5340,5246,1.0,0.017602996254681647
part02,51,3781,3781,3638,1.0,0.03782068235916425
part02,52,3684,3684,3598,1.0,0.023344191096634104
part02,53,3808,3808,3622,1.0,0.0488445378151261
part02,54,3678,3678,3585,1.0,0.02528548123980423
part02,55,3745,3745,3599,1.0,0.038985313751668915
part02,56,3640,3640,3568,1.0,0.01978021978021982
part02,57,3776,3776,3583,1.0,0.05111228813559321
part02,58,3678,3678,3569,1.0,0.02963567156063074
part02,59,3712,3712,3574,1.0,0.03717672413793105
part02,60,3605,3605,3535,1.0,0.01941747572815533
part02,61,3743,3743,3560,1.0,0.04889126369222552
part02,62,3647,3647,3552,1.0,0.02604880723882641
part02,63,3684,3684,3547,1.0,0.037187839305103165
part02,64,3646,3646,3525,1.0,0.033187054306088815
part02,65,3713,3713,3542,1.0,0.046054403447347125
part02,66,3606,3606,3516,1.0,0.024958402662229595
part02,67,3710,3710,3534,1.0,0.047439353099730464
part02,68,3604,3604,3508,1.0,0.02663706992230852
part02,69,3680,3680,3525,1.0,0.04211956521739135
part02,70,3643,3643,3501,1.0,0.03897886357397751
part02,71,3681,3681,3525,1.0,0.04237978810105947
part02,72,3606,3606,3489,1.0,0.032445923460898474
part02,73,3711,3711,3517,1.0,0.05227701428186471
part02,74,3572,3572,3496,1.0,0.021276595744680882
part02,75,3653,3653,3518,1.0,0.036955926635641956
part02,76,3610,3610,3495,1.0,0.03185595567867039
part02,77,3679,3679,3507,1.0,0.046751834737700504
part02,78,3607,3607,3485,1.0,0.03382312170779045
part02,79,3681,3681,3505,1.0,0.047813094267861955
part02,80,3570,3570,3472,1.0,0.027450980392156876
part02,81,3646,3646,3492,1.0,0.04223806911684036
part02,82,3568,3568,3494,1.0,0.020739910313901322
part02,83,3648,3648,3506,1.0,0.038925438596491224
part02,84,3569,3569,3486,1.0,0.023255813953488413
part02,85,3679,3679,3513,1.0,0.04512095678173411
part02,86,3610,3610,3498,1.0,0.031024930747922452
part02,87,3684,3684,3499,1.0,0.05021715526601522
part02,88,3575,3575,3478,1.0,0.02713286713286711
part02,89,3713,3713,3510,1.0,0.054672771343926785
part02,90,3607,3607,3498,1.0,0.030219018574993095
part02,91,3649,3649,3502,1.0,0.04028500959166892
part02,92,3569,3569,3499,1.0,0.019613337069207093
part02,93,3679,3679,3520,1.0,0.04321826583310684
part02,94,3607,3607,3520,1.0,0.024119767119489932
part02,95,3679,3679,3530,1.0,0.04050013590649637
part02,96,3608,3608,3521,1.0,0.02411308203991136
part02,97,3712,3712,3527,1.0,0.049838362068965525
part02,98,3651,3651,3537,1.0,0.03122432210353332
part02,99,3715,3715,3532,1.0,0.04925975773889635
part02,100,3650,3650,3528,1.0,0.033424657534246616
part02,101,3745,3745,3548,1.0,0.052603471295060045
part02,102,3647,3647,3520,1.0,0.034823142308746946
part02,103,3680,3680,3535,1.0,0.03940217391304346
part02,104,3647,3647,3532,1.0,0.03153276665752669
part02,105,3713,3713,3551,1.0,0.043630487476434165
part02,106,3647,3647,3546,1.0,0.027693995064436483
part02,107,3713,3713,3570,1.0,0.03851333153783998
part02,108,3645,3645,3550,1.0,0.026063100137174167
part02,109,3743,3743,3574,1.0,0.04515094843708256
part02,110,3651,3651,3577,1.0,0.020268419611065513
part02,111,3748,3748,3607,1.0,0.037620064034151524
part02,112,3650,3650,3576,1.0,0.020273972602739776
part02,113,3775,3775,3605,1.0,0.04503311258278142
part02,114,3685,3685,3611,1.0,0.02008141112618722
part02,115,3776,3776,3621,1.0,0.041048728813559365
part02,116,3685,3685,3614,1.0,0.019267299864314746
part02,117,3807,3807,3636,1.0,0.044917257683215084
part02,118,3723,3723,3643,1.0,0.021488047273704014
part02,119,3808,3808,3634,1.0,0.04569327731092432
part02,120,3723,3723,3645,1.0,0.020950846091861375
part02,121,3839,3839,3652,1.0,0.04871060171919772
part02,122,3765,3765,3672,1.0,0.024701195219123506
part02,123,3845,3845,3678,1.0,0.04343302990897269
part02,124,3766,3766,3674,1.0,0.02442910249601704
part02,125,3872,3872,3684,1.0,0.04855371900826444
part02,126,3798,3798,3701,1.0,0.02553975776724593
part02,127,3872,3872,3716,1.0,0.04028925619834711
part02,128,3799,3799,3703,1.0,0.025269807844169545
part02,129,3904,3904,3716,1.0,0.04815573770491799
part02,130,3798,3798,3730,1.0,0.017904160084254883
part02,131,3903,3903,3752,1.0,0.03868818857289269
part02,132,3837,3837,3737,1.0,0.026062027625749273
part02,133,3936,3936,3745,1.0,0.048526422764227695
part02,134,3842,3842,3772,1.0,0.018219677251431587
part02,135,3939,3939,3785,1.0,0.03909621731403912
part02,136,3879,3879,3784,1.0,0.024490848156741407
part02,137,3968,3968,3790,1.0,0.04485887096774188
part02,138,3875,3875,3797,1.0,0.020129032258064505
part02,139,3967,3967,3828,1.0,0.035039072346861655
part02,140,3874,3874,3813,1.0,0.015745998967475527
part02,141,3999,3999,3822,1.0,0.04426106526631657
part02,142,3912,3912,3838,1.0,0.01891615541922287
part02,143,3999,3999,3875,1.0,0.03100775193798455
part02,144,3911,3911,3843,1.0,0.017386857581181303
part02,145,4033,4033,3868,1.0,0.0409124721051326
part02,146,3993,3993,3876,1.0,0.029301277235161516
part02,147,4037,4037,3901,1.0,0.03368838246222439
part02,148,3993,3993,3897,1.0,0.02404207362885047
part02,149,4064,4064,3912,1.0,0.03740157480314965
part02,150,4065,4065,3931,1.0,0.03296432964329643
part02,151,4129,4129,3959,1.0,0.041172196657786375
part02,152,4064,4064,3946,1.0,0.02903543307086609
part02,153,4159,4159,3968,1.0,0.045924501081990865
part02,154,4102,4102,3989,1.0,0.027547537786445586
part02,155,4160,4160,4001,1.0,0.03822115384615388
part02,156,4102,4102,4011,1.0,0.022184300341296925
part02,157,4191,4191,4021,1.0,0.040563111429253174
part03,1,0,0,0,nan,nan
part03,2,0,0,0,nan,nan
part03,3,0,0,0,nan,nan
part03,4,0,0,0,nan,nan
part03,5,0,0,0,nan,nan
part03,6,0,0,0,nan,nan
part03,7,0,0,0,nan,nan
part03,8,0,0,0,nan,nan
part03,9,0,0,0,nan,nan
part03,10,0,0,0,nan,nan
part03,11,0,0,0,nan,nan
part03,12,0,0,0,nan,nan
part03,13,0,0,0,nan,nan
part03,14,0,0,0,nan,nan
part03,15,0,0,0,nan,nan
part03,16,0,0,0,nan,nan
part03,17,0,0,0,nan,nan
part03,18,0,0,0,nan,nan
part03,19,0,0,0,nan,nan
part03,20,0,0,0,nan,nan
part03,21,6362,6362,6266,1.0,0.015089594467148748
part03,22,6303,6303,6253,1.0,0.007932730445819436
part03,23,6362,6362,6257,1.0,0.016504243948443853
part03,24,6303,6303,6249,1.0,0.008567348881485026
part03,25,6362,6362,6266,1.0,0.015089594467148748
part03,26,6308,6308,6245,1.0,0.00998731769181993
part03,27,6212,6212,6089,1.0,0.01980038634900194
part03,28,6043,6043,5980,1.0,0.010425285454244593
part03,29,6079,6079,5922,1.0,0.025826616219773002
part03,30,5928,5928,5842,1.0,0.014507422402159298
part03,31,5950,5950,5813,1.0,0.023025210084033576
part03,32,5818,5818,5753,1.0,0.011172224132004138
part03,33,5887,5887,5725,1.0,0.027518260574146414
part03,34,5744,5744,5672,1.0,0.012534818941504211
part03,35,5759,5759,5637,1.0,0.02118423337384967
part03,36,5670,5670,5596,1.0,0.013051146384479684
part03,37,5695,5695,5572,1.0,0.02159789288849867
part03,38,5600,5600,5537,1.0,0.011249999999999982
part03,39,5635,5635,5511,1.0,0.02200532386867793
part03,40,5562,5562,5472,1.0,0.016181229773462813
part03,41,5632,5632,5466,1.0,0.029474431818181768
part03,42,5521,5521,5430,1.0,0.016482521282376372
part03,43,5567,5567,5413,1.0,0.027663014190767
part03,44,5448,5448,5373,1.0,0.013766519823788514
part03,45,5503,5503,5374,1.0,0.02344175904052337
part03,46,5410,5410,5319,1.0,0.01682070240295752
part03,47,5440,5440,5324,1.0,0.02132352941176474
part03,48,5372,5372,5289,1.0,0.015450483991064745
part03,49,5439,5439,5283,1.0,0.02868174296745729
part03,50,5340,5340,5251,1.0,0.01666666666666672
part03,51,3781,3781,3652,1.0,0.034117958212113164
part03,52,3684,3684,3602,1.0,0.0222584147665581
part03,53,3808,3808,3621,1.0,0.049107142857142905
part03,54,3678,3678,3600,1.0,0.021207177814029365
part03,55,3745,3745,3612,1.0,0.03551401869158877
part03,56,3640,3640,3563,1.0,0.02115384615384619
part03,57,3776,3776,3591,1.0,0.048993644067796605
part03,58,3678,3678,3587,1.0,0.024741707449700945
part03,59,3712,3712,3585,1.0,0.034213362068965525
part03,60,3605,3605,3537,1.0,0.018862690707350915
part03,61,3743,3743,3569,1.0,0.046486775313919315
part03,62,3647,3647,3563,1.0,0.02303262955854124
part03,63,3684,3684,3556,1.0,0.034744842562432154
part03,64,3646,3646,3527,1.0,0.03263850795392209
part03,65,3713,3713,3545,1.0,0.04524643145704277
part03,66,3606,3606,3528,1.0,0.021630615640598982
part03,67,3710,3710,3537,1.0,0.04663072776280319
part03,68,3604,3604,3514,1.0,0.024972253052164217
part03,69,3680,3680,3528,1.0,0.04130434782608694
part03,70,3643,3643,3524,1.0,0.03266538567115018
part03,71,3681,3681,3526,1.0,0.04210812279271936
part03,72,3606,3606,3497,1.0,0.0302273987798114
part03,73,3711,3711,3518,1.0,0.05200754513608197
part03,74,3572,3572,3506,1.0,0.018477043673012283
part03,75,3653,3653,3522,1.0,0.03586093621680808
part03,76,3610,3610,3491,1.0,0.032963988919667564
part03,77,3679,3679,3513,1.0,0.04512095678173411
part03,78,3607,3607,3499,1.0,0.029941779872470153
part03,79,3681,3681,3512,1.0,0.04591143710948109
part03,80,3570,3570,3471,1.0,0.027731092436974802
part03,81,3646,3646,3496,1.0,0.0411409764125068
part03,82,3568,3568,3504,1.0,0.017937219730941756
part03,83,3648,3648,3511,1.0,0.037554824561403466
part03,84,3569,3569,3477,1.0,0.02577752871952932
part03,85,3679,3679,3515,1.0,0.04457733079641202
part03,86,3610,3610,3516,1.0,0.026038781163434943
part03,87,3684,3684,3512,1.0,0.04668838219326821
part03,88,3575,3575,3486,1.0,0.024895104895104936
part03,89,3713,3713,3510,1.0,0.054672771343926785
part03,90,3607,3607,3510,1.0,0.026892154144718572
part03,91,3649,3649,3513,1.0,0.037270485064401226
part03,92,3569,3569,3498,1.0,0.01989352759876717
part03,93,3679,3679,3522,1.0,0.042674639847784746
part03,94,3607,3607,3522,1.0,0.02356528971444416
part03,95,3679,3679,3536,1.0,0.03886925795053009
part03,96,3608,3608,3510,1.0,0.02716186252771624
part03,97,3712,3712,3532,1.0,0.04849137931034486
part03,98,3651,3651,3544,1.0,0.029307039167351445
part03,99,3715,3715,3543,1.0,0.046298788694481785
part03,100,3650,3650,3521,1.0,0.0353424657534247
part03,101,3745,3745,3547,1.0,0.05287049399198929
part03,102,3647,3647,3542,1.0,0.028790786948176605
part03,103,3680,3680,3546,1.0,0.03641304347826091
part03,104,3647,3647,3539,1.0,0.029613380860981642
part03,105,3713,3713,3559,1.0,0.04147589550228925
part03,106,3647,3647,3556,1.0,0.0249520153550864
part03,107,3713,3713,3575,1.0,0.03716671155399942
part03,108,3645,3645,3551,1.0,0.02578875171467765
part03,109,3743,3743,3583,1.0,0.04274646005877636
part03,110,3651,3651,3577,1.0,0.020268419611065513
part03,111,3748,3748,3599,1.0,0.03975453575240129
part03,112,3650,3650,3583,1.0,0.01835616438356169
part03,113,3775,3775,3614,1.0,0.04264900662251658
part03,114,3685,3685,3608,1.0,0.020895522388059695
part03,115,3776,3776,3622,1.0,0.040783898305084776
part03,116,3685,3685,3615,1.0,0.018995929443690662
part03,117,3807,3807,3633,1.0,0.045705279747832894
part03,118,3723,3723,3636,1.0,0.023368251410153085
part03,119,3808,3808,3646,1.0,0.04254201680672265
part03,120,3723,3723,3630,1.0,0.02497985495568089
part03,121,3839,3839,3663,1.0,0.045845272206303744
part03,122,3765,3765,3669,1.0,0.025498007968127512
part03,123,3845,3845,3687,1.0,0.041092327698309505
part03,124,3766,3766,3662,1.0,0.027615507169410525
part03,125,3872,3872,3695,1.0,0.04571280991735538
part03,126,3798,3798,3694,1.0,0.02738283307003686
part03,127,3872,3872,3711,1.0,0.041580578512396715
part03,128,3799,3799,3698,1.0,0.026585943669386713
part03,129,3904,3904,3726,1.0,0.04559426229508201
part03,130,3798,3798,3719,1.0,0.020800421274354886
part03,131,3903,3903,3743,1.0,0.040994107097104826
part03,132,3837,3837,3727,1.0,0.028668230388324223
part03,133,3936,3936,3758,1.0,0.045223577235772305
part03,134,3842,3842,3763,1.0,0.020562207183758452
part03,135,3939,3939,3781,1.0,0.04011170347804016
part03,136,3879,3879,3787,1.0,0.02371745295179173
part03,137,3968,3968,3800,1.0,0.04233870967741937
part03,138,3875,3875,3797,1.0,0.020129032258064505
part03,139,3967,3967,3817,1.0,0.03781194857574999
part03,140,3874,3874,3808,1.0,0.017036654620547265
part03,141,3999,3999,3832,1.0,0.04176044011002755
part03,142,3912,3912,3840,1.0,0.018404907975460127
part03,143,3999,3999,3861,1.0,0.03450862715678915
part03,144,3911,3911,3841,1.0,0.017898235745333668
part03,145,4033,4033,3877,1.0,0.03868088271757997
part03,146,3993,3993,3885,1.0,0.02704733283245675
part03,147,4037,4037,3898,1.0,0.03443150854595001
part03,148,3993,3993,3895,1.0,0.02454295016278485
part03,149,4064,4064,3918,1.0,0.03592519685039375
part03,150,4065,4065,3934,1.0,0.03222632226322264
part03,151,4129,4129,3953,1.0,0.04262533301041416
part03,152,4064,4064,3944,1.0,0.029527559055118058
part03,153,4159,4159,3978,1.0,0.04352007694157245
part03,154,4102,4102,3987,1.0,0.028035104826913737
part03,155,4160,4160,3999,1.0,0.038701923076923106
part03,156,4102,4102,4006,1.0,0.023403217942467136
part03,157,4191,4191,4035,1.0,0.03722261989978526
part04,1,0,0,0,nan,nan
part04,2,0,0,0,nan,nan
part04,3,0,0,0,nan,nan
part04,4,0,0,0,nan,nan
part04,5,0,0,0,nan,nan
part04,6,0,0,0,nan,nan
part04,7,0,0,0,nan,nan
part04,8,0,0,0,nan,nan
part04,9,0,0,0,nan,nan
part04,10,0,0,0,nan,nan
part04,11,0,0,0,nan,nan
part04,12,0,0,0,nan,nan
part04,13,0,0,0,nan,nan
part04,14,0,0,0,nan,nan
part04,15,0,0,0,nan,nan
part04,16,0,0,0,nan,nan
part04,17,0,0,0,nan,nan
part04,18,0,0,0,nan,nan
part04,19,0,0,0,nan,nan
part04,20,0,0,0,nan,nan
part04,21,6362,6362,6264,1.0,0.015403961018547574
part04,22,6303,6303,6255,1.0,0.007615421227986641
part04,23,6362,6362,6264,1.0,0.015403961018547574
part04,24,6303,6303,6254,1.0,0.007774075836903038
part04,25,6362,6362,6264,1.0,0.015403961018547574
part04,26,6308,6308,6256,1.0,0.008243500317057673
part04,27,6212,6212,6091,1.0,0.01947842884739215
part04,28,6043,6043,5983,1.0,0.009928843289756739
part04,29,6079,6079,5923,1.0,0.025662115479519687
part04,30,5928,5928,5843,1.0,0.014338731443994557
part04,31,5950,5950,5819,1.0,0.02201680672268913
part04,32,5818,5818,5750,1.0,0.011687865245788909
part04,33,5887,5887,5726,1.0,0.027348394768133222
part04,34,5744,5744,5680,1.0,0.011142061281337101
part04,35,5759,5759,5642,1.0,0.020316027088036148
part04,36,5670,5670,5599,1.0,0.012522045855379194
part04,37,5695,5695,5578,1.0,0.020544337137840207
part04,38,5600,5600,5538,1.0,0.011071428571428621
part04,39,5635,5635,5518,1.0,0.020763087843833183
part04,40,5562,5562,5476,1.0,0.01546206400575334
part04,41,5632,5632,5465,1.0,0.029651988636363646
part04,42,5521,5521,5432,1.0,0.016120268067379095
part04,43,5567,5567,5420,1.0,0.026405604454823095
part04,44,5448,5448,5379,1.0,0.012665198237885478
part04,45,5503,5503,5370,1.0,0.024168635289841922
part04,46,5410,5410,5331,1.0,0.014602587800369715
part04,47,5440,5440,5319,1.0,0.022242647058823506
part04,48,5372,5372,5299,1.0,0.013588979895755804
part04,49,5439,5439,5287,1.0,0.02794631366059941
part04,50,5340,5340,5253,1.0,0.016292134831460636
part04,51,3781,3781,3641,1.0,0.0370272414705104
part04,52,3684,3684,3606,1.0,0.021172638436482094
part04,53,3808,3808,3629,1.0,0.04700630252100846
part04,54,3678,3678,3603,1.0,0.020391517128874437
part04,55,3745,3745,3611,1.0,0.03578104138851801
part04,56,3640,3640,3574,1.0,0.01813186813186818
part04,57,3776,3776,3592,1.0,0.048728813559322015
part04,58,3678,3678,3575,1.0,0.02800435019032088
part04,59,3712,3712,3577,1.0,0.036368534482758674
part04,60,3605,3605,3543,1.0,0.017198335644937557
part04,61,3743,3743,3569,1.0,0.046486775313919315
part04,62,3647,3647,3565,1.0,0.02248423361667129
part04,63,3684,3684,3552,1.0,0.03583061889250816
part04,64,3646,3646,3538,1.0,0.029621503017004946
part04,65,3713,3713,3544,1.0,0.045515755453810924
part04,66,3606,3606,3521,1.0,0.023571824736550173
part04,67,3710,3710,3536,1.0,0.04690026954177895
part04,68,3604,3604,3530,1.0,0.020532741398446186
part04,69,3680,3680,3530,1.0,0.040760869565217406
part04,70,3643,3643,3511,1.0,0.03623387318144389
part04,71,3681,3681,3522,1.0,0.0431947840260799
part04,72,3606,3606,3500,1.0,0.029395452024403745
part04,73,3711,3711,3526,1.0,0.04985179196981948
part04,74,3572,3572,3506,1.0,0.018477043673012283
part04,75,3653,3653,3519,1.0,0.036682179030933515
part04,76,3610,3610,3508,1.0,0.028254847645429404
part04,77,3679,3679,3515,1.0,0.04457733079641202
part04,78,3607,3607,3497,1.0,0.030496257277515926
part04,79,3681,3681,3512,1.0,0.04591143710948109
part04,80,3570,3570,3479,1.0,0.025490196078431393
part04,81,3646,3646,3500,1.0,0.040043883708173356
part04,82,3568,3568,3511,1.0,0.01597533632286996
part04,83,3648,3648,3516,1.0,0.03618421052631582
part04,84,3569,3569,3489,1.0,0.022415242364808075
part04,85,3679,3679,3518,1.0,0.04376189181842893
part04,86,3610,3610,3514,1.0,0.02659279778393353
part04,87,3684,3684,3511,1.0,0.04695982627578721
part04,88,3575,3575,3493,1.0,0.02293706293706299
part04,89,3713,3713,3516,1.0,0.05305682736331807
part04,90,3607,3607,3508,1.0,0.027446631549764344
part04,91,3649,3649,3519,1.0,0.03562619895861885
part04,92,3569,3569,3511,1.0,0.01625105071448585
part04,93,3679,3679,3527,1.0,0.041315574884479456
part04,94,3607,3607,3534,1.0,0.020238425284169637
part04,95,3679,3679,3537,1.0,0.03859744495786899
part04,96,3608,3608,3528,1.0,0.022172949002217335
part04,97,3712,3712,3534,1.0,0.047952586206896575
part04,98,3651,3651,3543,1.0,0.02958093672966311
part04,99,3715,3715,3547,1.0,0.045222072678331116
part04,100,3650,3650,3547,1.0,0.028219178082191765
part04,101,3745,3745,3555,1.0,0.05073431241655546
part04,102,3647,3647,3534,1.0,0.03098437071565674
part04,103,3680,3680,3550,1.0,0.03532608695652173
part04,104,3647,3647,3544,1.0,0.028242391006306544
part04,105,3713,3713,3558,1.0,0.04174521949905741
part04,106,3647,3647,3554,1.0,0.02550041129695635
part04,107,3713,3713,3585,1.0,0.034473471586318305
part04,108,3645,3645,3559,1.0,0.023593964334705064
part04,109,3743,3743,3583,1.0,0.04274646005877636
part04,110,3651,3651,3591,1.0,0.016433853738701765
part04,111,3748,3748,3607,1.0,0.037620064034151524
part04,112,3650,3650,3591,1.0,0.016164383561643847
part04,113,3775,3775,3611,1.0,0.04344370860927149
part04,114,3685,3685,3621,1.0,0.017367706919945713
part04,115,3776,3776,3626,1.0,0.03972457627118642
part04,116,3685,3685,3621,1.0,0.017367706919945713
part04,117,3807,3807,3639,1.0,0.04412923561859727
part04,118,3723,3723,3651,1.0,0.019339242546333568
part04,119,3808,3808,3648,1.0,0.04201680672268904
part04,120,3723,3723,3645,1.0,0.020950846091861375
part04,121,3839,3839,3657,1.0,0.04740817921333684
part04,122,3765,3765,3683,1.0,0.021779548472775523
part04,123,3845,3845,3685,1.0,0.041612483745123496
part04,124,3766,3766,3678,1.0,0.02336696760488577
part04,125,3872,3872,3688,1.0,0.0475206611570248
part04,126,3798,3798,3710,1.0,0.023170089520800463
part04,127,3872,3872,3713,1.0,0.041064049586776896
part04,128,3799,3799,3710,1.0,0.023427217688865465
part04,129,3904,3904,3719,1.0,0.04738729508196726
part04,130,3798,3798,3734,1.0,0.01685097419694581
part04,131,3903,3903,3745,1.0,0.04048168075839098
part04,132,3837,3837,3744,1.0,0.024237685691946842
part04,133,3936,3936,3754,1.0,0.046239837398374006
part04,134,3842,3842,3777,1.0,0.016918271733472157
part04,135,3939,3939,3792,1.0,0.037319116527037344
part04,136,3879,3879,3783,1.0,0.024748646558391374
part04,137,3968,3968,3795,1.0,0.04359879032258063
part04,138,3875,3875,3811,1.0,0.016516129032258076
part04,139,3967,3967,3827,1.0,0.03529115200403332
part04,140,3874,3874,3815,1.0,0.015229736706246721
part04,141,3999,3999,3829,1.0,0.04251062765691427
part04,142,3912,3912,3850,1.0,0.0158486707566462
part04,143,3999,3999,3873,1.0,0.03150787696924229
part04,144,3911,3911,3850,1.0,0.015597034006647914
part04,145,4033,4033,3875,1.0,0.039176791470369454
part04,146,3993,3993,3897,1.0,0.02404207362885047
part04,147,4037,4037,3918,1.0,0.029477334654446352
part04,148,3993,3993,3897,1.0,0.02404207362885047
part04,149,4064,4064,3915,1.0,0.036663385826771644
part04,150,4065,4065,3934,1.0,0.03222632226322264
part04,151,4129,4129,3961,1.0,0.040687817873577115
part04,152,4064,4064,3961,1.0,0.02534448818897639
part04,153,4159,4159,3972,1.0,0.04496273142582352
part04,154,4102,4102,3997,1.0,0.025597269624573427
part04,155,4160,4160,4015,1.0,0.034855769230769273
part04,156,4102,4102,4016,1.0,0.020965382740126715
part04,157,4191,4191,4024,1.0,0.039847291815795716
