layer_z,led_t,dtype,height,width,min,max,mean,std,p01,p50,p99,p998,zero_fraction,full_scale_fraction
1,1,>u2,2000,2000,2592,65535,51310.40785025,16923.72148927333,11234.0,60830.0,65535.0,65535.0,0.0,0.459679
1,2,>u2,2000,2000,13795,65535,61818.83535975,9262.231279847412,27814.0,65535.0,65535.0,65535.0,0.0,0.81891825
1,3,>u2,2000,2000,5857,65535,59632.94534925,9646.528897581273,17444.0,65535.0,65535.0,65535.0,0.0,0.546151
2,1,>u2,2000,2000,2288,65535,50748.519713,17554.792894015325,9522.0,61262.0,65535.0,65535.0,0.0,0.46526475
2,2,>u2,2000,2000,6209,65535,60390.66102475,11661.048146150073,19956.0,65535.0,65535.0,65535.0,0.0,0.78865125
2,3,>u2,2000,2000,4913,65535,58445.1409765,10940.798333738203,16500.0,65535.0,65535.0,65535.0,0.0,0.50722275
3,1,>u2,2000,2000,2112,65535,50974.06819625,17434.581046820367,10402.0,61695.0,65535.0,65535.0,0.0,0.464615
3,2,>u2,2000,2000,4273,65535,60547.65291875,11392.841301423774,20501.0,65535.0,65535.0,65535.0,0.0,0.79227
3,3,>u2,2000,2000,4993,65535,59269.79735325,10109.216743051687,16500.0,65535.0,65535.0,65535.0,0.0,0.52995325
4,1,>u2,2000,2000,1808,65535,51011.6482145,17591.450298633466,10034.0,62687.0,65535.0,65535.0,0.0,0.475472
4,2,>u2,2000,2000,4689,65535,60235.05151025,11923.865898090264,18580.0,65535.0,65535.0,65535.0,0.0,0.7871945
4,3,>u2,2000,2000,4865,65535,58850.87484525,10540.398462012456,16307.0,65535.0,65535.0,65535.0,0.0,0.522621
5,1,>u2,2000,2000,2512,65535,55310.893765,15342.221553361678,12659.0,65535.0,65535.0,65535.0,0.0,0.58621175
5,2,>u2,2000,2000,5009,65535,59756.24898075,12582.220278621053,16644.0,65535.0,65535.0,65535.0,0.0,0.77731
5,3,>u2,2000,2000,4321,65535,57926.24552025,11353.453088334758,16131.0,65055.0,65535.0,65535.0,0.0,0.49009175
6,1,>u2,2000,2000,2160,65535,55128.7092365,15433.699151619745,12050.0,65535.0,65535.0,65535.0,0.0,0.57831725
6,2,>u2,2000,2000,5857,65535,59616.16352525,12818.51926985505,15267.0,65535.0,65535.0,65535.0,0.0,0.773094
6,3,>u2,2000,2000,4257,65535,57432.05938625,11927.971607456378,15987.0,64719.0,65535.0,65535.0,0.0,0.48385475
7,1,>u2,2000,2000,2432,65535,54701.87327575,15844.157802317757,10162.0,65535.0,65535.0,65535.0,0.0,0.56701925
7,2,>u2,2000,2000,2800,65535,59204.15032875,13681.254614004485,11138.0,65535.0,65535.0,65535.0,0.0,0.76856175
7,3,>u2,2000,2000,4305,65535,56621.75952775,12791.691974976036,15555.0,63903.0,65535.0,65535.0,0.0,0.468805
8,1,>u2,2000,2000,2240,65535,55296.94850875,15634.491599905108,10786.0,65535.0,65535.0,65535.0,0.0,0.5950445
8,2,>u2,2000,2000,2848,65535,59051.91522275,13810.862259857875,11314.0,65535.0,65535.0,65535.0,0.0,0.76649875
8,3,>u2,2000,2000,3968,65535,58424.24003625,10997.352060881649,15683.0,65535.0,65535.0,65535.0,0.0,0.50849875
9,1,>u2,2000,2000,0,65535,40842.66114475,18704.593678985046,64.0,41642.0,65535.0,65535.0,0.006491,0.1574005
9,2,>u2,2000,2000,2944,65535,52404.0821765,16789.3738990668,8562.0,61647.0,65535.0,65535.0,0.0,0.45594025
9,3,>u2,2000,2000,1600,65535,35168.7472685,13742.920248045293,7649.0,33352.0,65535.0,65535.0,0.0,0.02879425
10,1,>u2,2000,2000,0,65535,41656.75755075,18617.723061678545,64.0,42762.0,65535.0,65535.0,0.00634275,0.15976625
10,2,>u2,2000,2000,2720,65535,52412.302614,16692.551139351177,8530.0,61487.0,65535.0,65535.0,0.0,0.45094875
10,3,>u2,2000,2000,1440,65535,36077.85928325,12737.711282475733,7617.0,34888.0,65535.0,65535.0,0.0,0.023039
11,1,>u2,2000,2000,0,65535,41735.23666975,18527.50058686193,64.0,43098.0,65535.0,65535.0,0.00668475,0.1549885
11,2,>u2,2000,2000,4000,65535,52294.1464515,16255.778689931003,8978.0,59902.0,65535.0,65535.0,0.0,0.434996
11,3,>u2,2000,2000,1520,65535,36281.835392,12430.011463639834,7585.0,35272.0,65535.0,65535.0,0.0,0.01858475
12,1,>u2,2000,2000,0,65535,41987.4990005,18429.42740787939,64.0,43258.0,65535.0,65535.0,0.0059535,0.16051175
12,2,>u2,2000,2000,3104,65535,52620.683249,16126.023235687057,8770.0,60798.0,65535.0,65535.0,0.0,0.44753025
12,3,>u2,2000,2000,1552,65535,36329.715848,12405.076269088902,7569.0,35496.0,65535.0,65535.0,0.0,0.0151205
13,1,>u2,2000,2000,0,65535,42088.57433475,18483.784963897513,64.0,43498.0,65535.0,65535.0,0.0063745,0.162959
13,2,>u2,2000,2000,3024,65535,52357.82517225,16194.298596920724,8946.0,60206.0,65535.0,65535.0,0.0,0.44012525
13,3,>u2,2000,2000,1136,65535,36183.78364225,12422.160766947232,7537.0,35288.0,65535.0,65535.0,0.0,0.01472625
14,1,>u2,2000,2000,0,65535,42421.56173275,18615.113586914733,64.0,44010.0,65535.0,65535.0,0.006328,0.173158
14,2,>u2,2000,2000,3536,65535,52306.26827025,16436.85848361752,8658.0,60574.0,65535.0,65535.0,0.0,0.4439175
14,3,>u2,2000,2000,1552,65535,36104.20222475,12696.560684256126,7569.0,35096.0,65535.0,65535.0,0.0,0.01618825
15,1,>u2,2000,2000,0,65535,42381.67818925,18549.026729839763,64.0,43962.0,65535.0,65535.0,0.00647,0.1702635
15,2,>u2,2000,2000,2672,65535,52079.31172325,16389.042525854577,8722.0,59886.0,65535.0,65535.0,0.0,0.4366785
15,3,>u2,2000,2000,1520,65535,35889.481615,12606.901420022903,7521.0,34904.0,65535.0,65535.0,0.0,0.01312275
16,1,>u2,2000,2000,0,65535,42072.116585,18743.62374252611,64.0,43258.0,65535.0,65535.0,0.00632125,0.18333825
16,2,>u2,2000,2000,4177,65535,51699.53445,16927.999406451036,8658.0,59694.0,65535.0,65535.0,0.0,0.43995375
16,3,>u2,2000,2000,1568,65535,34822.460437,14129.245541704404,7537.0,32567.0,65535.0,65535.0,0.0,0.024403
17,1,>u2,2000,2000,0,65535,42421.831192,18791.69684721314,64.0,43866.0,65535.0,65535.0,0.00659925,0.18284075
17,2,>u2,2000,2000,4145,65535,51688.87808025,17004.92049079668,8642.0,59950.0,65535.0,65535.0,0.0,0.4406825
17,3,>u2,2000,2000,1600,65535,35122.65117725,13591.777916324614,7489.0,33272.0,65535.0,65535.0,0.0,0.02110425
18,1,>u2,2000,2000,0,65535,42487.455063,18801.964050534058,64.0,44074.0,65535.0,65535.0,0.00627875,0.18217975
18,2,>u2,2000,2000,3536,65535,51512.36219725,17157.79715758175,8594.0,59886.0,65535.0,65535.0,0.0,0.4400575
18,3,>u2,2000,2000,1680,65535,35355.8694945,13334.00190484514,7457.0,33640.0,65535.0,65535.0,0.0,0.0206065
19,1,>u2,2000,2000,0,65535,42449.2129775,18751.4631197241,64.0,44170.0,65535.0,65535.0,0.006204,0.17562975
19,2,>u2,2000,2000,3376,65535,51326.442792,17279.703480021053,8434.0,59518.0,65535.0,65535.0,0.0,0.43642725
19,3,>u2,2000,2000,1568,65535,35508.88505225,13091.619119324672,7457.0,33944.0,65535.0,65535.0,0.0,0.02025025
20,1,>u2,2000,2000,0,65535,42462.902032,18758.730349065772,64.0,44250.0,65535.0,65535.0,0.00638075,0.176666
20,2,>u2,2000,2000,2672,65535,51271.13559475,17323.735906340287,8402.0,59422.0,65535.0,65535.0,0.0,0.43614575
20,3,>u2,2000,2000,1744,65535,35635.76025825,13012.248299336097,7457.0,34216.0,65535.0,65535.0,0.0,0.0196315
