sample_id,layer_z,rank_within_endpoint,score,x_model_pixel,y_model_pixel,raw_camera_x_px,raw_camera_y_px,rank_2_machine_x,rank_2_machine_y,rank_2_inverse_denominator,rank_2_containing_part,rank_1_machine_x,rank_1_machine_y,rank_1_inverse_denominator,rank_1_containing_part,both_ranks_inside_known_part_rectangles,same_containing_part_under_both_ranks,machine_coordinate_shift_rank_alternative_to_selected
test_z_203,203,1,0.732289731502533,179,195,1301.7578125,1395.5078125,0.10377627472269187,13.07518575518095,0.9877497496178669,part01,8.896223725277284,-13.075185755180916,0.9845661924187388,part04,True,False,27.588930068067327
test_z_203,203,2,0.7305188775062561,182,175,1319.3359375,1278.3203125,-1.0033791922863715,5.864174802004996,0.994096727785474,part02,10.003379192286358,-5.864174802004966,0.990892714020251,part03,True,False,16.084244295901588
test_z_203,203,3,0.729698896408081,173,172,1266.6015625,1260.7421875,2.8384082692454635,4.869450442094899,0.996396857030362,part02,6.161591730754516,-4.869450442094879,0.9931854298560043,part03,True,False,10.290273988136551
test_z_203,203,4,0.7274277210235596,174,202,1272.4609375,1436.5234375,2.1859353812119995,15.648156966093287,0.9860917914870352,part01,6.814064618787984,-15.648156966093252,0.9829135779536942,part04,True,False,31.63666932503608
test_z_203,203,5,0.7249953746795654,147,125,1114.2578125,985.3515625,13.975932804537731,-11.319636569013829,1.0160269781874807,part04,-4.975932804537754,11.319636569013843,1.0127522823425368,part01,True,False,29.524733669970328
test_z_204,204,1,0.7348380088806152,179,196,1301.7578125,1401.3671875,0.09536017412584948,13.43709184816076,0.9874110025742525,part01,8.90463982587413,-13.437091848160739,0.9842285371704802,part04,True,False,28.281180267562004
test_z_204,204,2,0.7310118079185486,191,191,1372.0703125,1372.0703125,-4.994548818522631,11.540674848558199,0.9873928869735984,part01,13.994548818522613,-11.540674848558178,0.9842104799571363,part04,True,False,29.888702429342956
test_z_204,204,3,0.7297871112823486,177,168,1290.0390625,1237.3046875,1.1757203214718572,3.4137950849799656,0.9971812282652444,part02,7.824279678528132,-3.4137950849799448,0.9939672730308263,part03,True,False,9.529917578512089
test_z_204,204,4,0.7264333367347717,170,164,1249.0234375,1213.8671875,4.16374754982628,2.056531724177507,0.999534796083959,part02,4.836252450173708,-2.056531724177484,0.9963132552057321,part03,True,False,4.1676796627362265
test_z_204,204,5,0.7252693772315979,176,173,1284.1796875,1266.6015625,1.5597847580344208,5.200514553915448,0.995630147282066,part02,7.440215241965547,-5.20051455391544,0.9924211912440866,part03,True,False,11.948257997645173
test_z_205,205,1,0.7363627552986145,180,194,1307.6171875,1389.6484375,-0.3152386581305835,12.706241305731599,0.9879458424265875,part01,9.315238658130562,-12.706241305731576,0.9847616532124444,part04,True,False,27.176099164834874
test_z_205,205,2,0.7306997179985046,165,165,1219.7265625,1219.7265625,6.26547848257034,2.4537799405560814,0.9999093202148139,part02,2.73452151742964,-2.4537799405560703,0.9966865722302388,part03,True,False,6.045808554393459
test_z_205,205,3,0.7294764518737793,173,190,1266.6015625,1366.2109375,2.704197916833444,11.314235671180377,0.9902994102453022,part01,6.295802083166535,-11.314235671180354,0.98710763538735,part04,True,False,22.911729218451892
test_z_205,205,4,0.7268732786178589,161,138,1196.2890625,1061.5234375,8.101404615408285,-6.9721424413426805,1.009626107331979,part03,0.8985953845916969,6.972142441342696,1.0063720417514326,part02,True,False,15.694697885114724
test_z_205,205,5,0.7226258516311646,178,170,1295.8984375,1249.0234375,0.7361052386295878,4.115979544145471,0.9963610799431216,part02,8.263894761370398,-4.115979544145445,0.9931497680797561,part03,True,False,11.154943546696314
test_z_206,206,1,0.7333208918571472,178,196,1295.8984375,1401.3671875,0.5229576103116963,13.444276722954354,0.9875536568091463,part01,8.477042389688293,-13.444276722954324,0.9843707316250333,part04,True,False,28.040359681912033
test_z_206,206,2,0.7325977683067322,170,174,1249.0234375,1272.4609375,4.094130868809871,5.60638336283303,0.9961473256478147,part02,4.905869131190098,-5.606383362833001,0.9929367027231464,part03,True,False,11.242110862770186
test_z_206,206,3,0.7250712513923645,174,167,1272.4609375,1231.4453125,2.4526515774047604,3.08461824844764,0.9979479380135403,part02,6.547348422595227,-3.084618248447623,0.9947315116427441,part03,True,False,7.404459548720439
test_z_206,206,4,0.723761796951294,183,174,1325.1953125,1272.4609375,-1.4195010298699675,5.499007619855025,0.9942928205941945,part02,10.419501029869943,-5.499007619855004,0.9910881748139565,part03,True,False,16.159155577672365
test_z_206,206,5,0.7201297283172607,188,203,1354.4921875,1442.3828125,-3.8270252191989877,15.915805888395413,0.9837558851549068,part01,12.827025219198969,-15.915805888395372,0.9805852003416926,part04,True,False,35.92504564107092
test_z_207,207,1,0.7348281741142273,179,195,1301.7578125,1395.5078125,0.10377627472269187,13.07518575518095,0.9877497496178669,part01,8.896223725277284,-13.075185755180916,0.9845661924187388,part04,True,False,27.588930068067327
test_z_207,207,2,0.732457160949707,173,172,1266.6015625,1260.7421875,2.8384082692454635,4.869450442094899,0.996396857030362,part02,6.161591730754516,-4.869450442094879,0.9931854298560043,part03,True,False,10.290273988136551
test_z_207,207,3,0.7307051420211792,176,167,1284.1796875,1231.4453125,1.6067962318177422,3.0674335342508843,0.9976626295437526,part02,7.39320376818224,-3.0674335342508776,0.994447122733638,part03,True,False,8.433214459806134
test_z_207,207,4,0.726698100566864,182,174,1319.3359375,1272.4609375,-0.994645396892701,5.5072815108379,0.9944354748290885,part02,9.994645396892672,-5.507281510837861,0.9912303692685096,part03,True,False,15.559084507413763
test_z_207,207,5,0.7262009382247925,187,203,1348.6328125,1442.3828125,-3.397270585253674,15.922658068829957,0.9838985393898007,part01,12.39727058525365,-15.922658068829925,0.9807273947962457,part04,True,False,35.54703490720924
test_z_208,208,1,0.7385063767433167,178,197,1295.8984375,1407.2265625,0.5146836733916401,13.80638134986482,0.987214909765532,part01,8.485316326608352,-13.806381349864788,0.9840330763767747,part04,True,False,28.74014002756603
test_z_208,208,2,0.730587363243103,183,177,1325.1953125,1290.0390625,-1.446158728825488,6.570563088383368,0.9932765794633512,part02,10.44615872882547,-6.570563088383361,0.9900752090691808,part03,True,False,17.723329588631294
test_z_208,208,3,0.7297431826591492,167,175,1231.4453125,1278.3203125,5.357040257137843,5.987274453406693,0.9962365413088818,part02,3.6429597428621574,-5.987274453406686,0.993025630838547,part03,True,False,12.096606694899403
test_z_208,208,4,0.7250146269798279,177,168,1290.0390625,1237.3046875,1.1757203214718572,3.4137950849799656,0.9971812282652444,part02,7.824279678528132,-3.4137950849799448,0.9939672730308263,part03,True,False,9.529917578512089
test_z_208,208,5,0.7248601317405701,172,176,1260.7421875,1284.1796875,3.2326556554522,6.30295265673028,0.9951845230907981,part02,5.767344344547799,-6.302952656730264,0.9919770033175231,part03,True,False,12.858207321495557
test_z_209,209,1,0.7349795699119568,193,194,1383.7890625,1389.6484375,-5.883020872863603,12.611324938082285,0.9860913373729674,part01,14.883020872863572,-12.611324938082245,0.9829131253032545,part04,True,False,32.6712496938955
test_z_209,209,2,0.7342867255210876,179,197,1301.7578125,1407.2265625,0.08693829699301983,13.799246341636856,0.987072255530638,part01,8.913061703006962,-13.799246341636827,0.9838908819222216,part04,True,False,28.975459491902768
test_z_209,209,3,0.7324492335319519,171,175,1254.8828125,1278.3203125,3.6636015223812746,5.954499615272778,0.9956659243693065,part02,5.336398477618716,-5.954499615272763,0.9924568530203347,part03,True,False,12.025910041513944
test_z_209,209,4,0.7308310270309448,166,164,1225.5859375,1213.8671875,5.850349916208191,2.091403786101092,1.0001054130235345,part02,3.1496500837918067,-2.091403786101077,0.9968820330239444,part03,True,False,4.978921446547001
test_z_209,209,5,0.7262572050094604,179,170,1301.7578125,1249.0234375,0.3123186514155716,4.107522417372066,0.9962184257082277,part02,8.687681348584404,-4.107522417372045,0.9930075736252031,part03,True,False,11.731737379688614
test_z_210,210,1,0.7369325757026672,179,196,1301.7578125,1401.3671875,0.09536017412584948,13.43709184816076,0.9874110025742525,part01,8.90463982587413,-13.437091848160739,0.9842285371704802,part04,True,False,28.281180267562004
test_z_210,210,2,0.7315165996551514,168,175,1237.3046875,1278.3203125,4.9338624660972075,5.979084264226207,0.9960938870739879,part02,4.066137533902783,-5.9790842642261905,0.992883436383994,part03,True,False,11.989609714783095
test_z_210,210,3,0.7254365682601929,175,167,1278.3203125,1231.4453125,2.029784369738625,3.076027119781443,0.9978052837786464,part02,6.970215630261367,-3.0760271197814455,0.994589317188191,part03,True,False,7.8902238502132525
test_z_210,210,4,0.7239785194396973,161,139,1196.2890625,1067.3828125,8.095855177664252,-6.624809165666042,1.0092873602883645,part03,0.9041448223357322,6.624809165666046,1.006034386503174,part02,True,False,15.07557905225901
test_z_210,210,5,0.7217587828636169,184,175,1331.0546875,1278.3203125,-1.8535045648889144,5.847721463062918,0.9938114193156863,part02,10.853504564888897,-5.847721463062897,0.9906083251111448,part03,True,False,17.269958490469023
test_z_211,211,1,0.7372183203697205,179,196,1301.7578125,1401.3671875,0.09536017412584948,13.43709184816076,0.9874110025742525,part01,8.90463982587413,-13.437091848160739,0.9842285371704802,part04,True,False,28.281180267562004
test_z_211,211,2,0.7352569103240967,193,196,1383.7890625,1401.3671875,-5.9040032453622215,13.33628517496201,0.9854138432857384,part01,14.904003245362194,-13.33628517496197,0.9822378148067373,part04,True,False,33.828968993891515
test_z_211,211,3,0.7281158566474915,182,174,1319.3359375,1272.4609375,-0.994645396892701,5.5072815108379,0.9944354748290885,part02,9.994645396892672,-5.507281510837861,0.9912303692685096,part03,True,False,15.559084507413763
test_z_211,211,4,0.7243490219116211,171,176,1254.8828125,1284.1796875,3.656463899485501,6.311103910638459,0.995327177325692,part02,5.343536100514492,-6.3111039106384395,0.9921191977720761,part03,True,False,12.734454950840595
test_z_211,211,5,0.7235691547393799,165,173,1219.7265625,1266.6015625,6.21555553017503,5.291744810583293,0.9971993438658984,part02,2.784444469824941,-5.291744810583285,0.9939853302441704,part03,True,False,11.125770789918215
test_z_212,212,1,0.7378227710723877,179,194,1301.7578125,1389.6484375,0.11218660472468252,12.713527807219462,0.9880884966614814,part01,8.887813395275293,-12.713527807219435,0.9849038476669973,part04,True,False,26.89882493319733
test_z_212,212,2,0.7341365814208984,190,191,1366.2109375,1372.0703125,-4.566208276669395,11.548133801664061,0.9875355412084922,part01,13.566208276669371,-11.548133801664019,0.9843526744116894,part04,True,False,29.36361876997343
test_z_212,212,3,0.731816291809082,169,176,1243.1640625,1284.1796875,4.5037160407304695,6.3273994108435,0.9956124857954797,part02,4.496283959269529,-6.3273994108434835,0.9924035866811823,part03,True,False,12.654801004093471
test_z_212,212,4,0.7309464812278748,166,165,1225.5859375,1219.7265625,5.8439849155408545,2.44511565355027,0.99976666597992,part02,3.156015084459131,-2.4451156535502636,0.9965443777756858,part03,True,False,5.580281717776595
test_z_212,212,5,0.7298642992973328,177,170,1290.0390625,1249.0234375,1.1597704917245562,4.124434249563261,0.9965037341780154,part02,7.840229508275424,-4.124434249563244,0.9932919625343092,part03,True,False,10.614723933654485
test_z_213,213,1,0.7381501197814941,180,193,1307.6171875,1383.7890625,-0.30668637421572525,12.344781577358297,0.9882845894702019,part01,9.306686374215701,-12.34478157735828,0.9850993084607029,part04,True,False,26.495121520216177
test_z_213,213,2,0.7357181310653687,164,167,1213.8671875,1231.4453125,6.674683882982024,3.1703946390318087,0.9993744803624789,part02,2.32531611701797,-3.1703946390318114,0.9961534561882748,part03,True,False,7.689122747909134
test_z_213,213,3,0.7251940369606018,156,147,1166.9921875,1114.2578125,10.141786675180223,-3.7902740167202618,1.0072906551139185,part03,-1.1417866751802317,3.7902740167202604,1.0040441167898708,part02,True,False,13.593518162722393
test_z_213,213,4,0.7238326072692871,186,201,1342.7734375,1430.6640625,-2.948649171816596,15.201753309024129,0.9847186877119234,part01,11.948649171816577,-15.201753309024088,0.981544899747316,part04,True,False,33.85709250087665
test_z_213,213,5,0.7227902412414551,177,169,1290.0390625,1243.1640625,1.1677481166340251,3.7689939225598716,0.9968424812216299,part02,7.832251883365953,-3.76899392255986,0.9936296177825678,part03,True,False,10.061653502777606
test_z_214,214,1,0.7303762435913086,179,196,1301.7578125,1401.3671875,0.09536017412584948,13.43709184816076,0.9874110025742525,part01,8.90463982587413,-13.437091848160739,0.9842285371704802,part04,True,False,28.281180267562004
test_z_214,214,2,0.729984700679779,170,176,1249.0234375,1284.1796875,4.080150677174199,6.319252828341471,0.9954698315605859,part02,4.919849322825789,-6.319252828341446,0.9922613922266292,part03,True,False,12.666369608120362
test_z_214,214,3,0.7243151664733887,161,150,1196.2890625,1131.8359375,8.03456459385233,-2.7886981530856048,1.0055611428086058,part03,0.9654354061476526,2.7886981530856203,1.0023201787723297,part02,True,False,9.004439850904143
test_z_214,214,4,0.7241190671920776,175,170,1278.3203125,1249.0234375,2.0067372039323286,4.141336400490388,0.9967890426478031,part02,6.993262796067657,-4.141336400490376,0.9935763514434153,part03,True,False,9.667890473579389
test_z_214,214,5,0.7236089110374451,174,201,1272.4609375,1430.6640625,2.193644819220441,15.285007579993053,0.9864305385306497,part01,6.80635518077954,-15.285007579993009,0.9832512332019527,part04,True,False,30.91606255268307
test_z_215,215,1,0.7338667511940002,180,178,1307.6171875,1295.8984375,-0.1791020536400182,6.952468328747903,0.9933657951244184,part02,9.179102053640003,-6.952468328747891,0.9901641371845814,part03,True,False,16.760765124614178
test_z_215,215,2,0.7332049012184143,179,197,1301.7578125,1407.2265625,0.08693829699301983,13.799246341636856,0.987072255530638,part01,8.913061703006962,-13.799246341636827,0.9838908819222216,part04,True,False,28.975459491902768
test_z_215,215,3,0.7280866503715515,173,172,1266.6015625,1260.7421875,2.8384082692454635,4.869450442094899,0.996396857030362,part02,6.161591730754516,-4.869450442094879,0.9931854298560043,part03,True,False,10.290273988136551
test_z_215,215,4,0.7227103114128113,169,149,1243.1640625,1125.9765625,4.686975433314895,-3.2139318428549526,1.0047586559730695,part03,4.3130245666850815,3.2139318428549646,1.0015202783841637,part02,True,False,6.4387320811415565
test_z_215,215,5,0.7198106050491333,162,144,1202.1484375,1096.6796875,7.650028624915409,-4.8942769598357625,1.0074509708353985,part03,1.3499713750845639,4.894276959835786,1.0042039158073282,part02,True,False,11.64072631709308
test_z_216,216,1,0.7323956489562988,180,194,1307.6171875,1389.6484375,-0.3152386581305835,12.706241305731599,0.9879458424265875,part01,9.315238658130562,-12.706241305731576,0.9847616532124444,part04,True,False,27.176099164834874
test_z_216,216,2,0.7267321944236755,177,170,1290.0390625,1249.0234375,1.1597704917245562,4.124434249563261,0.9965037341780154,part02,7.840229508275424,-4.124434249563244,0.9932919625343092,part03,True,False,10.614723933654485
test_z_216,216,3,0.7264560461044312,172,172,1260.7421875,1260.7421875,3.261757368354055,4.877796984918053,0.9965395112652559,part02,5.738242631645933,-4.877796984918043,0.9933276243105574,part03,True,False,10.065018279347745
test_z_216,216,4,0.7226999998092651,176,203,1284.1796875,1442.3828125,1.321818618498413,15.997901121857634,0.985467735973633,part01,7.6781813815015685,-15.997901121857604,0.9822915337963294,part04,True,False,32.62107767676945
test_z_216,216,5,0.7217257618904114,193,203,1383.7890625,1442.3828125,-5.9776693043149205,15.881515155596519,0.9830426139804375,part01,14.977669304314896,-15.881515155596473,0.9798742280689273,part04,True,False,38.05280949880174
test_z_217,217,1,0.7347444295883179,179,194,1301.7578125,1389.6484375,0.11218660472468252,12.713527807219462,0.9880884966614814,part01,8.887813395275293,-12.713527807219435,0.9849038476669973,part04,True,False,26.89882493319733
test_z_217,217,2,0.729265570640564,182,175,1319.3359375,1278.3203125,-1.0033791922863715,5.864174802004996,0.994096727785474,part02,10.003379192286358,-5.864174802004966,0.990892714020251,part03,True,False,16.084244295901588
test_z_217,217,3,0.727330207824707,168,173,1237.3046875,1266.6015625,4.947253646936665,5.266892318481977,0.9967713811612169,part02,4.0527463530633066,-5.266892318481971,0.9935587468805112,part03,True,False,10.571696272440404
test_z_217,217,4,0.7237557172775269,176,168,1284.1796875,1237.3046875,1.59897429262826,3.4223432760506616,0.9973238825001381,part02,7.4010257073717245,-3.4223432760506354,0.9941094674853794,part03,True,False,8.972933445414771
test_z_217,217,5,0.7225067019462585,172,172,1260.7421875,1260.7421875,3.261757368354055,4.877796984918053,0.9965395112652559,part02,5.738242631645933,-4.877796984918043,0.9933276243105574,part03,True,False,10.065018279347745
test_z_218,218,1,0.7337822318077087,179,195,1301.7578125,1395.5078125,0.10377627472269187,13.07518575518095,0.9877497496178669,part01,8.896223725277284,-13.075185755180916,0.9845661924187388,part04,True,False,27.588930068067327
test_z_218,218,2,0.7286468148231506,173,190,1266.6015625,1366.2109375,2.704197916833444,11.314235671180377,0.9902994102453022,part01,6.295802083166535,-11.314235671180354,0.98710763538735,part04,True,False,22.911729218451892
test_z_218,218,3,0.7273799180984497,177,168,1290.0390625,1237.3046875,1.1757203214718572,3.4137950849799656,0.9971812282652444,part02,7.824279678528132,-3.4137950849799448,0.9939672730308263,part03,True,False,9.529917578512089
test_z_218,218,4,0.7214585542678833,175,201,1278.3203125,1430.6640625,1.765802107902722,15.278080762296076,0.9862878842957558,part01,7.2341978920972645,-15.27808076229605,0.9831090387473996,part04,True,False,31.041623017644564
test_z_218,218,5,0.7125569581985474,167,151,1231.4453125,1137.6953125,5.513093798409464,-2.4944674505987368,1.0043664703556283,part03,3.486906201590521,2.4944674505987403,1.0011293567967527,part02,True,False,5.384691971309891
test_z_219,219,1,0.7344102263450623,180,194,1307.6171875,1389.6484375,-0.3152386581305835,12.706241305731599,0.9879458424265875,part01,9.315238658130562,-12.706241305731576,0.9847616532124444,part04,True,False,27.176099164834874
test_z_219,219,2,0.7316147089004517,171,176,1254.8828125,1284.1796875,3.656463899485501,6.311103910638459,0.995327177325692,part02,5.343536100514492,-6.3111039106384395,0.9921191977720761,part03,True,False,12.734454950840595
test_z_219,219,3,0.7219421863555908,187,201,1348.6328125,1430.6640625,-3.3779808213784945,15.194802385263156,0.9845760334770295,part01,12.377980821378467,-15.194802385263118,0.9814027052927629,part04,True,False,34.23124896051592
test_z_219,219,4,0.7203728556632996,178,166,1295.8984375,1225.5859375,0.7685631733855434,2.695474593640622,0.9977160681175793,part02,8.231436826614447,-2.695474593640602,0.9945003890727904,part03,True,False,9.206346523127738
test_z_219,219,5,0.7140308022499084,160,142,1190.4296875,1084.9609375,8.496807193830847,-5.571682342389956,1.008413773392415,part03,0.5031928061691413,5.57168234238998,1.0051636152129513,part02,True,False,13.71395083397315
test_z_220,220,1,0.7344606518745422,179,195,1301.7578125,1395.5078125,0.10377627472269187,13.07518575518095,0.9877497496178669,part01,8.896223725277284,-13.075185755180916,0.9845661924187388,part04,True,False,27.588930068067327
test_z_220,220,2,0.7311548590660095,193,197,1383.7890625,1407.2265625,-5.91450525472038,13.699139241750462,0.9850750962421241,part01,14.914505254720355,-13.699139241750418,0.9819001595584788,part04,True,False,34.41675961885227
test_z_220,220,3,0.7270146608352661,186,192,1342.7734375,1377.9296875,-2.863510349792013,11.939210120232062,0.9877674111044532,part01,11.863510349792001,-11.939210120232037,0.9845837969816431,part04,True,False,28.054662569102156
test_z_220,220,4,0.725174069404602,170,176,1249.0234375,1284.1796875,4.080150677174199,6.319252828341471,0.9954698315605859,part02,4.919849322825789,-6.319252828341446,0.9922613922266292,part03,True,False,12.666369608120362
test_z_220,220,5,0.7247738242149353,175,169,1278.3203125,1243.1640625,2.014424812299539,3.7859920336870156,0.9971277896914176,part02,6.9855751877004435,-3.785992033687008,0.9939140066916738,part03,True,False,9.05799529539592
test_z_221,221,1,0.7362374663352966,180,194,1307.6171875,1389.6484375,-0.3152386581305835,12.706241305731599,0.9879458424265875,part01,9.315238658130562,-12.706241305731576,0.9847616532124444,part04,True,False,27.176099164834874
test_z_221,221,2,0.7300443053245544,184,175,1331.0546875,1278.3203125,-1.8535045648889144,5.847721463062918,0.9938114193156863,part02,10.853504564888897,-5.847721463062897,0.9906083251111448,part03,True,False,17.269958490469023
test_z_221,221,3,0.7287854552268982,175,168,1278.3203125,1237.3046875,2.0221071991289765,3.430889022055559,0.997466536735032,part02,6.977892800871018,-3.430889022055542,0.9942516619399324,part03,True,False,8.464266587075274
test_z_221,221,4,0.7271398901939392,165,168,1219.7265625,1237.3046875,6.2467891191584135,3.516212233948111,0.9988930790839706,part02,2.753210880841574,-3.5162122339480857,0.9956736064854631,part03,True,False,7.85239344428857
test_z_221,221,5,0.7234323620796204,185,201,1336.9140625,1430.6640625,-2.51944189707861,15.208702219143843,0.9848613419468172,part01,11.519441897078586,-15.208702219143795,0.981687094201869,part04,True,False,33.500876868347945
test_z_222,222,1,0.7344669699668884,178,196,1295.8984375,1401.3671875,0.5229576103116963,13.444276722954354,0.9875536568091463,part01,8.477042389688293,-13.444276722954324,0.9843707316250333,part04,True,False,28.040359681912033
test_z_222,222,2,0.7341422438621521,193,195,1383.7890625,1395.5078125,-5.893508453889491,12.973680492742465,0.9857525903293529,part01,14.893508453889462,-12.973680492742417,0.9825754700549959,part04,True,False,33.24703917697561
test_z_222,222,3,0.7338017821311951,169,175,1243.1640625,1278.3203125,4.510563448028552,5.970891728816041,0.9959512328390941,part02,4.489436551971443,-5.970891728816031,0.9927412419294409,part03,True,False,11.94180214602101
test_z_222,222,4,0.7312933206558228,182,176,1319.3359375,1284.1796875,-1.0121189419413943,6.221311405023909,0.9937579807418595,part02,10.012118941941385,-6.221311405023873,0.9905550587719925,part03,True,False,16.62385885748425
test_z_222,222,5,0.7249440550804138,178,170,1295.8984375,1249.0234375,0.7361052386295878,4.115979544145471,0.9963610799431216,part02,8.263894761370398,-4.115979544145445,0.9931497680797561,part03,True,False,11.154943546696314
test_z_223,223,1,0.7378180623054504,179,195,1301.7578125,1395.5078125,0.10377627472269187,13.07518575518095,0.9877497496178669,part01,8.896223725277284,-13.075185755180916,0.9845661924187388,part04,True,False,27.588930068067327
test_z_223,223,2,0.7198764681816101,174,169,1272.4609375,1243.1640625,2.4375814912325207,3.7944874420164654,0.9972704439263115,part02,6.562418508767457,-3.7944874420164383,0.994056201146227,part03,True,False,8.637523963017916
test_z_223,223,3,0.717747688293457,160,139,1190.4296875,1067.3828125,8.513055083744842,-6.614944822053803,1.0094300145232584,part03,0.4869449162551368,6.614944822053814,1.006176580957727,part02,True,False,15.47412111933817
test_z_223,223,4,0.7161467671394348,156,147,1166.9921875,1114.2578125,10.141786675180223,-3.7902740167202618,1.0072906551139185,part03,-1.1417866751802317,3.7902740167202604,1.0040441167898708,part02,True,False,13.593518162722393
test_z_223,223,5,0.7134039402008057,172,151,1260.7421875,1137.6953125,3.413252192532045,-2.5411377236880375,1.003653199181159,part03,5.586747807467937,2.5411377236880432,1.0004183845239873,part02,True,False,5.527531719596667
test_z_224,224,1,0.7356923818588257,179,197,1301.7578125,1407.2265625,0.08693829699301983,13.799246341636856,0.987072255530638,part01,8.913061703006962,-13.799246341636827,0.9838908819222216,part04,True,False,28.975459491902768
test_z_224,224,2,0.7298902869224548,178,165,1295.8984375,1219.7265625,0.7766638865014182,2.3409510181191204,0.9980548151611938,part02,8.22333611349857,-2.3409510181191058,0.9948380443210489,part03,True,False,8.796199971195652
test_z_224,224,3,0.7286548614501953,175,171,1278.3203125,1254.8828125,1.999044368702085,4.496922368614455,0.9964502956041887,part02,7.000955631297901,-4.4969223686144515,0.9932386961951568,part03,True,False,10.29117871947927
test_z_224,224,4,0.7272436618804932,170,177,1249.0234375,1290.0390625,4.073153442977306,6.676051556996849,0.9951310845169714,part02,4.926846557022671,-6.676051556996832,0.9919237369783707,part03,True,False,13.37936655823766
test_z_224,224,5,0.7238883376121521,186,201,1342.7734375,1430.6640625,-2.948649171816596,15.201753309024129,0.9847186877119234,part01,11.948649171816577,-15.201753309024088,0.981544899747316,part04,True,False,33.85709250087665
test_z_225,225,1,0.732478141784668,179,194,1301.7578125,1389.6484375,0.11218660472468252,12.713527807219462,0.9880884966614814,part01,8.887813395275293,-12.713527807219435,0.9849038476669973,part04,True,False,26.89882493319733
test_z_225,225,2,0.7303858995437622,182,176,1319.3359375,1284.1796875,-1.0121189419413943,6.221311405023909,0.9937579807418595,part02,10.012118941941385,-6.221311405023873,0.9905550587719925,part03,True,False,16.62385885748425
test_z_225,225,3,0.7267301082611084,176,167,1284.1796875,1231.4453125,1.6067962318177422,3.0674335342508843,0.9976626295437526,part02,7.39320376818224,-3.0674335342508776,0.994447122733638,part03,True,False,8.433214459806134
test_z_225,225,4,0.7224948406219482,186,201,1342.7734375,1430.6640625,-2.948649171816596,15.201753309024129,0.9847186877119234,part01,11.948649171816577,-15.201753309024088,0.981544899747316,part04,True,False,33.85709250087665
test_z_225,225,5,0.7223935723304749,184,166,1331.0546875,1225.5859375,-1.7724916350159758,2.6435448221664912,0.9968601427082162,part02,10.772491635015951,-2.643544822166474,0.993647222345472,part03,True,False,13.613593285851971
test_z_226,226,1,0.7367141842842102,179,195,1301.7578125,1395.5078125,0.10377627472269187,13.07518575518095,0.9877497496178669,part01,8.896223725277284,-13.075185755180916,0.9845661924187388,part04,True,False,27.588930068067327
test_z_226,226,2,0.7294828295707703,177,170,1290.0390625,1249.0234375,1.1597704917245562,4.124434249563261,0.9965037341780154,part02,7.840229508275424,-4.124434249563244,0.9932919625343092,part03,True,False,10.614723933654485
test_z_226,226,3,0.7262346744537354,191,203,1372.0703125,1442.3828125,-5.117037270055372,15.895237418303395,0.9833279224502252,part01,14.117037270055352,-15.895237418303369,0.9801586169780334,part04,True,False,37.156209625733666
test_z_226,226,4,0.7251507639884949,173,172,1266.6015625,1260.7421875,2.8384082692454635,4.869450442094899,0.996396857030362,part02,6.161591730754516,-4.869450442094879,0.9931854298560043,part03,True,False,10.290273988136551
test_z_226,226,5,0.716803789138794,173,147,1266.6015625,1114.2578125,3.0221095103868545,-3.9518887779842706,1.0048655331207228,part03,5.977890489613123,3.9518887779842795,1.0016268110624686,part02,True,False,8.438384967005712
test_z_227,227,1,0.7332583665847778,165,166,1219.7265625,1225.5859375,6.2592529172240035,2.807684004744273,0.9995705731711995,part02,2.7407470827759797,-2.807684004744257,0.9963489169819802,part03,True,False,6.626631209674487
test_z_227,227,2,0.7301432490348816,172,172,1260.7421875,1260.7421875,3.261757368354055,4.877796984918053,0.9965395112652559,part02,5.738242631645933,-4.877796984918043,0.9933276243105574,part03,True,False,10.065018279347745
test_z_227,227,3,0.7300935387611389,178,195,1295.8984375,1395.5078125,0.5312258729869321,13.082420426472126,0.9878924038527608,part01,8.468774127013054,-13.082420426472089,0.9847083868732919,part04,True,False,27.342340228021666
test_z_227,227,4,0.7297452092170715,171,176,1254.8828125,1284.1796875,3.656463899485501,6.311103910638459,0.995327177325692,part02,5.343536100514492,-6.3111039106384395,0.9921191977720761,part03,True,False,12.734454950840595
test_z_227,227,5,0.7294161915779114,178,167,1295.8984375,1231.4453125,0.760456957652833,3.050238988379795,0.9973773210739649,part02,8.23954304234716,-3.050238988379785,0.9941627338245318,part03,True,False,9.651557398015978
test_z_228,228,1,0.7376013994216919,179,196,1301.7578125,1401.3671875,0.09536017412584948,13.43709184816076,0.9874110025742525,part01,8.90463982587413,-13.437091848160739,0.9842285371704802,part04,True,False,28.281180267562004
test_z_228,228,2,0.734666109085083,184,175,1331.0546875,1278.3203125,-1.8535045648889144,5.847721463062918,0.9938114193156863,part02,10.853504564888897,-5.847721463062897,0.9906083251111448,part03,True,False,17.269958490469023
test_z_228,228,3,0.7342187166213989,166,165,1225.5859375,1219.7265625,5.8439849155408545,2.44511565355027,0.99976666597992,part02,3.156015084459131,-2.4451156535502636,0.9965443777756858,part03,True,False,5.580281717776595
test_z_228,228,4,0.7328241467475891,170,175,1249.0234375,1278.3203125,4.087143150832861,5.962696846167871,0.9958085786042002,part02,4.912856849167126,-5.962696846167851,0.9925990474748878,part03,True,False,11.953945701266067
test_z_228,228,5,0.729190468788147,177,168,1290.0390625,1237.3046875,1.1757203214718572,3.4137950849799656,0.9971812282652444,part02,7.824279678528132,-3.4137950849799448,0.9939672730308263,part03,True,False,9.529917578512089
test_z_229,229,1,0.734464168548584,179,194,1301.7578125,1389.6484375,0.11218660472468252,12.713527807219462,0.9880884966614814,part01,8.887813395275293,-12.713527807219435,0.9849038476669973,part04,True,False,26.89882493319733
test_z_229,229,2,0.7341185212135315,182,176,1319.3359375,1284.1796875,-1.0121189419413943,6.221311405023909,0.9937579807418595,part02,10.012118941941385,-6.221311405023873,0.9905550587719925,part03,True,False,16.62385885748425
test_z_229,229,3,0.7333596348762512,193,196,1383.7890625,1401.3671875,-5.9040032453622215,13.33628517496201,0.9854138432857384,part01,14.904003245362194,-13.33628517496197,0.9822378148067373,part04,True,False,33.828968993891515
test_z_229,229,4,0.7284249067306519,166,173,1225.5859375,1266.6015625,5.792909210919517,5.283463017068864,0.9970566896310046,part02,3.207090789080459,-5.283463017068861,0.9938431357896172,part03,True,False,10.878712365057728
test_z_229,229,5,0.725487470626831,175,166,1278.3203125,1225.5859375,2.037456329439292,2.7214060813838454,0.9981440308222609,part02,6.962543670560698,-2.7214060813838388,0.9949269724364496,part03,True,False,7.340346691869952
test_z_230,230,1,0.7357657551765442,193,196,1383.7890625,1401.3671875,-5.9040032453622215,13.33628517496201,0.9854138432857384,part01,14.904003245362194,-13.33628517496197,0.9822378148067373,part04,True,False,33.828968993891515
test_z_230,230,2,0.7311860918998718,180,193,1307.6171875,1383.7890625,-0.30668637421572525,12.344781577358297,0.9882845894702019,part01,9.306686374215701,-12.34478157735828,0.9850993084607029,part04,True,False,26.495121520216177
test_z_230,230,3,0.7300803065299988,183,175,1325.1953125,1278.3203125,-1.4283808727585843,5.855949313241661,0.9939540735505801,part02,10.428380872758577,-5.85594931324165,0.9907505195656979,part03,True,False,16.665874370310753
test_z_230,230,4,0.7298108339309692,179,197,1301.7578125,1407.2265625,0.08693829699301983,13.799246341636856,0.987072255530638,part01,8.913061703006962,-13.799246341636827,0.9838908819222216,part04,True,False,28.975459491902768
test_z_230,230,5,0.7275039553642273,170,175,1249.0234375,1278.3203125,4.087143150832861,5.962696846167871,0.9958085786042002,part02,4.912856849167126,-5.962696846167851,0.9925990474748878,part03,True,False,11.953945701266067
test_z_231,231,1,0.7328043580055237,178,193,1295.8984375,1383.7890625,0.5477453989352802,12.35945180366638,0.9885698979399896,part01,8.452254601064702,-12.359451803666353,0.985383697369809,part04,True,False,25.95198376377336
test_z_231,231,2,0.7327291965484619,178,197,1295.8984375,1407.2265625,0.5146836733916401,13.80638134986482,0.987214909765532,part01,8.485316326608352,-13.806381349864788,0.9840330763767747,part04,True,False,28.74014002756603
test_z_231,231,3,0.7262569069862366,177,169,1290.0390625,1243.1640625,1.1677481166340251,3.7689939225598716,0.9968424812216299,part02,7.832251883365953,-3.76899392255986,0.9936296177825678,part03,True,False,10.061653502777606
test_z_231,231,4,0.7199527621269226,190,201,1366.2109375,1430.6640625,-4.6667225598589575,15.173937523376347,0.9841480707723479,part01,13.666722559858929,-15.173937523376296,0.9809761219291037,part04,True,False,35.45572915356585
test_z_231,231,5,0.7146484851837158,161,140,1196.2890625,1073.2421875,8.09030201355475,-6.2772426608263965,1.00894861324475,part03,0.9096979864452233,6.277242660826406,1.0056967312549154,part02,True,False,14.462924181704654
test_z_232,232,1,0.7345327734947205,179,194,1301.7578125,1389.6484375,0.11218660472468252,12.713527807219462,0.9880884966614814,part01,8.887813395275293,-12.713527807219435,0.9849038476669973,part04,True,False,26.89882493319733
test_z_232,232,2,0.7302011847496033,168,176,1237.3046875,1284.1796875,4.927160042336523,6.335543659148201,0.9957551400303736,part02,4.0728399576634695,-6.335543659148179,0.9925457811357354,part03,True,False,12.699854984800696
test_z_232,232,3,0.7289842963218689,177,167,1290.0390625,1231.4453125,1.1836871117598182,3.05883749080189,0.9975199753088587,part02,7.816312888240169,-3.058837490801888,0.9943049282790849,part03,True,False,9.023174157211661
test_z_232,232,4,0.7192232012748718,166,152,1225.5859375,1143.5546875,5.926394965595238,-2.1345245106616786,1.0041703775469077,part03,3.073605034404745,2.1345245106616924,1.0009338960030472,part02,True,False,5.134509707651149
test_z_232,232,5,0.7187748551368713,155,146,1161.1328125,1108.3984375,10.5642552758347,-4.12971975271512,1.0077720563924266,part03,-1.5642552758347144,4.129719752715133,1.0045239664926824,part02,True,False,14.673755795494834
test_z_233,233,1,0.7381731867790222,179,196,1301.7578125,1401.3671875,0.09536017412584948,13.43709184816076,0.9874110025742525,part01,8.90463982587413,-13.437091848160739,0.9842285371704802,part04,True,False,28.281180267562004
test_z_233,233,2,0.7238066792488098,176,169,1284.1796875,1243.1640625,1.5911470380961739,3.7774941942160667,0.9969851354565238,part02,7.408852961903799,-3.7774941942160503,0.9937718122371209,part03,True,False,9.535384195996008
test_z_233,233,3,0.7218226194381714,161,139,1196.2890625,1067.3828125,8.095855177664252,-6.624809165666042,1.0092873602883645,part03,0.9041448223357322,6.624809165666046,1.006034386503174,part02,True,False,15.07557905225901
test_z_233,233,4,0.7202597260475159,154,146,1155.2734375,1108.3984375,10.98173303966724,-4.120193719070284,1.0079147106273205,part03,-1.98173303966726,4.120193719070302,1.0046661609472354,part02,True,False,15.360841055121995
test_z_233,233,5,0.7113920450210571,168,150,1237.3046875,1131.8359375,5.099953985806628,-2.8542698672380458,1.0045625631643489,part03,3.9000460141933457,2.854269867238067,1.0013248175904583,part02,True,False,5.833284241354412
test_z_234,234,1,0.7356534600257874,179,195,1301.7578125,1395.5078125,0.10377627472269187,13.07518575518095,0.9877497496178669,part01,8.896223725277284,-13.075185755180916,0.9845661924187388,part04,True,False,27.588930068067327
test_z_234,234,2,0.7296199798583984,183,174,1325.1953125,1272.4609375,-1.4195010298699675,5.499007619855025,0.9942928205941945,part02,10.419501029869943,-5.499007619855004,0.9910881748139565,part03,True,False,16.159155577672365
test_z_234,234,3,0.7256632447242737,177,170,1290.0390625,1249.0234375,1.1597704917245562,4.124434249563261,0.9965037341780154,part02,7.840229508275424,-4.124434249563244,0.9932919625343092,part03,True,False,10.614723933654485
test_z_234,234,4,0.7104429602622986,172,142,1260.7421875,1084.9609375,3.477523129990693,-5.6885844516792865,1.0067019225736888,part03,5.522476870009297,5.688584451679306,1.0034572817583145,part02,True,False,11.559489956497467
test_z_234,234,5,0.7027666568756104,160,123,1190.4296875,973.6328125,8.599160926681476,-12.143723986063822,1.0148499672210893,part04,0.4008390733185074,12.143723986063842,1.0115790649298642,part01,True,False,25.63381770650125
test_z_235,235,1,0.7370867729187012,179,194,1301.7578125,1389.6484375,0.11218660472468252,12.713527807219462,0.9880884966614814,part01,8.887813395275293,-12.713527807219435,0.9849038476669973,part04,True,False,26.89882493319733
test_z_235,235,2,0.7322947978973389,165,169,1219.7265625,1243.1640625,6.240550877844652,3.870836887534121,0.9985543320403562,part02,2.759449122155324,-3.8708368875341046,0.9953359512372045,part03,True,False,8.48832034462899
test_z_235,235,3,0.7306517362594604,176,167,1284.1796875,1231.4453125,1.6067962318177422,3.0674335342508843,0.9976626295437526,part02,7.39320376818224,-3.0674335342508776,0.994447122733638,part03,True,False,8.433214459806134
test_z_235,235,4,0.7278264760971069,165,165,1219.7265625,1219.7265625,6.26547848257034,2.4537799405560814,0.9999093202148139,part02,2.73452151742964,-2.4537799405560703,0.9966865722302388,part03,True,False,6.045808554393459
test_z_235,235,5,0.7265869975090027,170,174,1249.0234375,1272.4609375,4.094130868809871,5.60638336283303,0.9961473256478147,part02,4.905869131190098,-5.606383362833001,0.9929367027231464,part03,True,False,11.242110862770186
test_z_236,236,1,0.7343010902404785,179,197,1301.7578125,1407.2265625,0.08693829699301983,13.799246341636856,0.987072255530638,part01,8.913061703006962,-13.799246341636827,0.9838908819222216,part04,True,False,28.975459491902768
test_z_236,236,2,0.7303084135055542,164,165,1213.8671875,1219.7265625,6.68685180016509,2.4624417556958993,1.0000519744497078,part02,2.3131481998348997,-2.4624417556958975,0.9968287666847919,part03,True,False,6.5866350122289345
test_z_236,236,3,0.7297075390815735,183,176,1325.1953125,1284.1796875,-1.437266770345525,6.213134386415542,0.9936153265069657,part02,10.43726677034552,-6.213134386415526,0.9904128643174394,part03,True,False,17.18769043308708
test_z_236,236,4,0.7272685766220093,169,175,1243.1640625,1278.3203125,4.510563448028552,5.970891728816041,0.9959512328390941,part02,4.489436551971443,-5.970891728816031,0.9927412419294409,part03,True,False,11.94180214602101
test_z_236,236,5,0.7255992889404297,177,168,1290.0390625,1237.3046875,1.1757203214718572,3.4137950849799656,0.9971812282652444,part02,7.824279678528132,-3.4137950849799448,0.9939672730308263,part03,True,False,9.529917578512089
test_z_237,237,1,0.7377268671989441,179,195,1301.7578125,1395.5078125,0.10377627472269187,13.07518575518095,0.9877497496178669,part01,8.896223725277284,-13.075185755180916,0.9845661924187388,part04,True,False,27.588930068067327
test_z_237,237,2,0.7290650606155396,164,166,1213.8671875,1225.5859375,6.680769903087729,2.8162982544944093,0.9997132274060934,part02,2.319230096912263,-2.8162982544944026,0.9964911114365333,part03,True,False,7.123845374088777
test_z_237,237,3,0.7265195846557617,178,167,1295.8984375,1231.4453125,0.760456957652833,3.050238988379795,0.9973773210739649,part02,8.23954304234716,-3.050238988379785,0.9941627338245318,part03,True,False,9.651557398015978
test_z_237,237,4,0.7256456017494202,174,169,1272.4609375,1243.1640625,2.4375814912325207,3.7944874420164654,0.9972704439263115,part02,6.562418508767457,-3.7944874420164383,0.994056201146227,part03,True,False,8.637523963017916
test_z_237,237,5,0.7229414582252502,184,203,1331.0546875,1442.3828125,-2.108754073455917,15.943202693446748,0.9843265020944822,part01,11.108754073455893,-15.943202693446716,0.9811539781599049,part04,True,False,34.517319857007855
test_z_238,238,1,0.7345428466796875,180,194,1307.6171875,1389.6484375,-0.3152386581305835,12.706241305731599,0.9879458424265875,part01,9.315238658130562,-12.706241305731576,0.9847616532124444,part04,True,False,27.176099164834874
test_z_238,238,2,0.7326451539993286,168,176,1237.3046875,1284.1796875,4.927160042336523,6.335543659148201,0.9957551400303736,part02,4.0728399576634695,-6.335543659148179,0.9925457811357354,part03,True,False,12.699854984800696
test_z_238,238,3,0.7288796901702881,184,176,1331.0546875,1284.1796875,-1.8625366939816188,6.204955019506395,0.9934726722720718,part02,10.862536693981605,-6.20495501950637,0.9902706698628863,part03,True,False,17.774514336696786
test_z_238,238,4,0.725148618221283,175,170,1278.3203125,1249.0234375,2.0067372039323286,4.141336400490388,0.9967890426478031,part02,6.993262796067657,-4.141336400490376,0.9935763514434153,part03,True,False,9.667890473579389
test_z_238,238,5,0.724515438079834,175,166,1278.3203125,1225.5859375,2.037456329439292,2.7214060813838454,0.9981440308222609,part02,6.962543670560698,-2.7214060813838388,0.9949269724364496,part03,True,False,7.340346691869952
test_z_239,239,1,0.7366670966148376,179,194,1301.7578125,1389.6484375,0.11218660472468252,12.713527807219462,0.9880884966614814,part01,8.887813395275293,-12.713527807219435,0.9849038476669973,part04,True,False,26.89882493319733
test_z_239,239,2,0.7308465242385864,184,175,1331.0546875,1278.3203125,-1.8535045648889144,5.847721463062918,0.9938114193156863,part02,10.853504564888897,-5.847721463062897,0.9906083251111448,part03,True,False,17.269958490469023
test_z_239,239,3,0.7275446057319641,178,168,1295.8984375,1237.3046875,0.7523452336946922,3.405244447793967,0.9970385740303505,part02,8.247654766305303,-3.405244447793937,0.9938250785762732,part03,True,False,10.127310797372106
test_z_239,239,4,0.7197965979576111,161,140,1196.2890625,1073.2421875,8.09030201355475,-6.2772426608263965,1.00894861324475,part03,0.9096979864452233,6.277242660826406,1.0056967312549154,part02,True,False,14.462924181704654
test_z_239,239,5,0.7190831303596497,156,146,1166.9921875,1108.3984375,10.146659303917195,-4.139248483639423,1.0076294021575327,part03,-1.1466593039172033,4.13924848363943,1.0043817720381294,part02,True,False,14.002591089341424
test_z_240,240,1,0.7346673607826233,179,196,1301.7578125,1401.3671875,0.09536017412584948,13.43709184816076,0.9874110025742525,part01,8.90463982587413,-13.437091848160739,0.9842285371704802,part04,True,False,28.281180267562004
test_z_240,240,2,0.7329705357551575,169,177,1243.1640625,1290.0390625,4.496863972324802,6.684149771681025,0.9952737387518653,part02,4.5031360276751835,-6.684149771681018,0.9920659314329238,part03,True,False,13.368301014703855
test_z_240,240,3,0.7284610867500305,169,165,1243.1640625,1219.7265625,4.578782202880717,2.4191079507511946,0.9993387032752384,part02,4.42121779711927,-2.41910795075119,0.9961177944120265,part03,True,False,4.840780892739671
test_z_240,240,4,0.721799373626709,175,168,1278.3203125,1237.3046875,2.0221071991289765,3.430889022055559,0.997466536735032,part02,6.977892800871018,-3.430889022055542,0.9942516619399324,part03,True,False,8.464266587075274
test_z_240,240,5,0.7170355916023254,160,139,1190.4296875,1067.3828125,8.513055083744842,-6.614944822053803,1.0094300145232584,part03,0.4869449162551368,6.614944822053814,1.006176580957727,part02,True,False,15.47412111933817
test_z_241,241,1,0.7325357794761658,179,194,1301.7578125,1389.6484375,0.11218660472468252,12.713527807219462,0.9880884966614814,part01,8.887813395275293,-12.713527807219435,0.9849038476669973,part04,True,False,26.89882493319733
test_z_241,241,2,0.7324657440185547,184,175,1331.0546875,1278.3203125,-1.8535045648889144,5.847721463062918,0.9938114193156863,part02,10.853504564888897,-5.847721463062897,0.9906083251111448,part03,True,False,17.269958490469023
test_z_241,241,3,0.7309497594833374,166,165,1225.5859375,1219.7265625,5.8439849155408545,2.44511565355027,0.99976666597992,part02,3.156015084459131,-2.4451156535502636,0.9965443777756858,part03,True,False,5.580281717776595
test_z_241,241,4,0.723962664604187,176,171,1284.1796875,1254.8828125,1.5754765613175077,4.4885205436504965,0.9963076413692948,part02,7.42452343868247,-4.488520543650484,0.9930965017406037,part03,True,False,10.71441160571605
test_z_241,241,5,0.7234846353530884,175,167,1278.3203125,1231.4453125,2.029784369738625,3.076027119781443,0.9978052837786464,part02,6.970215630261367,-3.0760271197814455,0.994589317188191,part03,True,False,7.8902238502132525
test_z_242,242,1,0.7345482707023621,180,193,1307.6171875,1383.7890625,-0.30668637421572525,12.344781577358297,0.9882845894702019,part01,9.306686374215701,-12.34478157735828,0.9850993084607029,part04,True,False,26.495121520216177
test_z_242,242,2,0.7332585453987122,174,167,1272.4609375,1231.4453125,2.4526515774047604,3.08461824844764,0.9979479380135403,part02,6.547348422595227,-3.084618248447623,0.9947315116427441,part03,True,False,7.404459548720439
test_z_242,242,3,0.7244663834571838,166,150,1225.5859375,1131.8359375,5.939009323727216,-2.8355217932600585,1.0048478716341365,part03,3.0609906762727634,2.8355217932600767,1.0016092064995643,part02,True,False,6.3595382454472835
test_z_242,242,4,0.7242074012756348,185,201,1336.9140625,1430.6640625,-2.51944189707861,15.208702219143843,0.9848613419468172,part01,11.519441897078586,-15.208702219143795,0.981687094201869,part04,True,False,33.500876868347945
test_z_242,242,5,0.7147258520126343,157,148,1172.8515625,1120.1171875,9.718914071634998,-3.450503671847042,1.00680925383541,part03,-0.7189140716350273,3.450503671847069,1.003564267087059,part02,True,False,12.512879712766356
test_z_243,243,1,0.7307465672492981,180,197,1307.6171875,1407.2265625,-0.340930735012469,13.792109270771126,0.9869296012957443,part01,9.340930735012455,-13.792109270771103,0.9837486874676686,part04,True,False,29.23401364972513
test_z_243,243,2,0.7306931018829346,173,190,1266.6015625,1366.2109375,2.704197916833444,11.314235671180377,0.9902994102453022,part01,6.295802083166535,-11.314235671180354,0.98710763538735,part04,True,False,22.911729218451892
test_z_243,243,3,0.7271755933761597,171,172,1254.8828125,1260.7421875,3.684985280300045,4.886141138474656,0.9966821655001497,part02,5.315014719699939,-4.886141138474641,0.9934698187651104,part03,True,False,9.907295134076085
test_z_243,243,4,0.7251134514808655,177,167,1290.0390625,1231.4453125,1.1836871117598182,3.05883749080189,0.9975199753088587,part02,7.816312888240169,-3.058837490801888,0.9943049282790849,part03,True,False,9.023174157211661
test_z_243,243,5,0.7131927013397217,161,124,1196.2890625,979.4921875,8.17870756606884,-11.810450088141073,1.014368565942581,part04,0.8212924339311366,11.810450088141089,1.0110992152270526,part01,True,False,24.740219937674272
test_z_244,244,1,0.7359433770179749,178,194,1295.8984375,1389.6484375,0.5394884672524349,12.720812205049116,0.9882311508963753,part01,8.46051153274755,-12.720812205049084,0.9850460421215504,part04,True,False,26.646179069964425
test_z_244,244,2,0.7322810888290405,177,168,1290.0390625,1237.3046875,1.1757203214718572,3.4137950849799656,0.9971812282652444,part02,7.824279678528132,-3.4137950849799448,0.9939672730308263,part03,True,False,9.529917578512089
test_z_244,244,3,0.7278737425804138,170,175,1249.0234375,1278.3203125,4.087143150832861,5.962696846167871,0.9958085786042002,part02,4.912856849167126,-5.962696846167851,0.9925990474748878,part03,True,False,11.953945701266067
test_z_244,244,4,0.726718008518219,188,201,1354.4921875,1430.6640625,-3.807436899833755,15.187849446985558,0.9844333792421356,part01,12.807436899833732,-15.187849446985512,0.9812605108382098,part04,True,False,34.62278317345491
test_z_244,244,5,0.7244450449943542,160,139,1190.4296875,1067.3828125,8.513055083744842,-6.614944822053803,1.0094300145232584,part03,0.4869449162551368,6.614944822053814,1.006176580957727,part02,True,False,15.47412111933817
test_z_245,245,1,0.7369031310081482,178,178,1295.8984375,1295.8984375,0.6709238023552434,6.968611838987756,0.9936511035942062,part02,8.329076197644746,-6.968611838987733,0.9904485260936876,part03,True,False,15.902625630989336
test_z_245,245,2,0.7331929206848145,173,190,1266.6015625,1366.2109375,2.704197916833444,11.314235671180377,0.9902994102453022,part01,6.295802083166535,-11.314235671180354,0.98710763538735,part04,True,False,22.911729218451892
test_z_245,245,3,0.732624351978302,179,197,1301.7578125,1407.2265625,0.08693829699301983,13.799246341636856,0.987072255530638,part01,8.913061703006962,-13.799246341636827,0.9838908819222216,part04,True,False,28.975459491902768
test_z_245,245,4,0.7286812663078308,184,176,1331.0546875,1284.1796875,-1.8625366939816188,6.204955019506395,0.9934726722720718,part02,10.862536693981605,-6.20495501950637,0.9902706698628863,part03,True,False,17.774514336696786
test_z_245,245,5,0.728099524974823,165,170,1219.7265625,1249.0234375,6.234308402604217,4.22570222670911,0.9982155849967418,part02,2.765691597395761,-4.22570222670909,0.994998295988946,part03,True,False,9.135509825764048
test_z_246,246,1,0.7348769307136536,178,196,1295.8984375,1401.3671875,0.5229576103116963,13.444276722954354,0.9875536568091463,part01,8.477042389688293,-13.444276722954324,0.9843707316250333,part04,True,False,28.040359681912033
test_z_246,246,2,0.7346464991569519,164,169,1213.8671875,1243.1640625,6.6624994569037375,3.8793080417226142,0.99869698627525,part02,2.337500543096248,-3.8793080417226067,0.9954781456917576,part03,True,False,8.882665091892793
test_z_246,246,3,0.7331180572509766,178,167,1295.8984375,1231.4453125,0.760456957652833,3.050238988379795,0.9973773210739649,part02,8.23954304234716,-3.050238988379785,0.9941627338245318,part03,True,False,9.651557398015978
test_z_246,246,4,0.7309751510620117,168,175,1237.3046875,1278.3203125,4.9338624660972075,5.979084264226207,0.9960938870739879,part02,4.066137533902783,-5.9790842642261905,0.992883436383994,part03,True,False,11.989609714783095
test_z_246,246,5,0.7157859206199646,159,139,1184.5703125,1067.3828125,8.930137087795723,-6.6050832661366705,1.0095726687581523,part03,0.06986291220425014,6.60508326613668,1.00631877541228,part02,True,False,15.90638105532016
test_z_247,247,1,0.7379069924354553,179,195,1301.7578125,1395.5078125,0.10377627472269187,13.07518575518095,0.9877497496178669,part01,8.896223725277284,-13.075185755180916,0.9845661924187388,part04,True,False,27.588930068067327
test_z_247,247,2,0.729714035987854,169,175,1243.1640625,1278.3203125,4.510563448028552,5.970891728816041,0.9959512328390941,part02,4.489436551971443,-5.970891728816031,0.9927412419294409,part03,True,False,11.94180214602101
test_z_247,247,3,0.7286236882209778,186,203,1342.7734375,1442.3828125,-2.9676405524305394,15.929508262574195,0.9840411936246944,part01,11.967640552430524,-15.929508262574156,0.9808695892507988,part04,True,False,35.18607047726267
test_z_247,247,4,0.7242529988288879,182,172,1319.3359375,1260.7421875,-0.9771956445666757,4.794223870147778,0.9951129689163173,part02,9.977195644566656,-4.794223870147749,0.9919056797650267,part03,True,False,14.558056827194303
test_z_247,247,5,0.723574161529541,176,167,1284.1796875,1231.4453125,1.6067962318177422,3.0674335342508843,0.9976626295437526,part02,7.39320376818224,-3.0674335342508776,0.994447122733638,part03,True,False,8.433214459806134
test_z_248,248,1,0.7367985844612122,166,165,1225.5859375,1219.7265625,5.8439849155408545,2.44511565355027,0.99976666597992,part02,3.156015084459131,-2.4451156535502636,0.9965443777756858,part03,True,False,5.580281717776595
test_z_248,248,2,0.73655766248703,179,195,1301.7578125,1395.5078125,0.10377627472269187,13.07518575518095,0.9877497496178669,part01,8.896223725277284,-13.075185755180916,0.9845661924187388,part04,True,False,27.588930068067327
test_z_248,248,3,0.7287306785583496,169,175,1243.1640625,1278.3203125,4.510563448028552,5.970891728816041,0.9959512328390941,part02,4.489436551971443,-5.970891728816031,0.9927412419294409,part03,True,False,11.94180214602101
test_z_248,248,4,0.7275166511535645,175,168,1278.3203125,1237.3046875,2.0221071991289765,3.430889022055559,0.997466536735032,part02,6.977892800871018,-3.430889022055542,0.9942516619399324,part03,True,False,8.464266587075274
test_z_248,248,5,0.721895158290863,161,139,1196.2890625,1067.3828125,8.095855177664252,-6.624809165666042,1.0092873602883645,part03,0.9041448223357322,6.624809165666046,1.006034386503174,part02,True,False,15.07557905225901
test_z_249,249,1,0.7328854203224182,179,194,1301.7578125,1389.6484375,0.11218660472468252,12.713527807219462,0.9880884966614814,part01,8.887813395275293,-12.713527807219435,0.9849038476669973,part04,True,False,26.89882493319733
test_z_249,249,2,0.7324883937835693,168,175,1237.3046875,1278.3203125,4.9338624660972075,5.979084264226207,0.9960938870739879,part02,4.066137533902783,-5.9790842642261905,0.992883436383994,part03,True,False,11.989609714783095
test_z_249,249,3,0.7317634224891663,173,190,1266.6015625,1366.2109375,2.704197916833444,11.314235671180377,0.9902994102453022,part01,6.295802083166535,-11.314235671180354,0.98710763538735,part04,True,False,22.911729218451892
test_z_249,249,4,0.7315486669540405,193,195,1383.7890625,1395.5078125,-5.893508453889491,12.973680492742465,0.9857525903293529,part01,14.893508453889462,-12.973680492742417,0.9825754700549959,part04,True,False,33.24703917697561
test_z_249,249,5,0.7204018235206604,179,166,1301.7578125,1225.5859375,0.34535685030844376,2.6868258200796733,0.9975734138826855,part02,8.654643149691536,-2.686825820079658,0.9943581946182374,part03,True,False,9.895472235062996
test_z_250,250,1,0.7374241948127747,178,196,1295.8984375,1401.3671875,0.5229576103116963,13.444276722954354,0.9875536568091463,part01,8.477042389688293,-13.444276722954324,0.9843707316250333,part04,True,False,28.040359681912033
test_z_250,250,2,0.730833888053894,173,190,1266.6015625,1366.2109375,2.704197916833444,11.314235671180377,0.9902994102453022,part01,6.295802083166535,-11.314235671180354,0.98710763538735,part04,True,False,22.911729218451892
test_z_250,250,3,0.7298516631126404,169,175,1243.1640625,1278.3203125,4.510563448028552,5.970891728816041,0.9959512328390941,part02,4.489436551971443,-5.970891728816031,0.9927412419294409,part03,True,False,11.94180214602101
test_z_250,250,4,0.7296188473701477,165,165,1219.7265625,1219.7265625,6.26547848257034,2.4537799405560814,0.9999093202148139,part02,2.73452151742964,-2.4537799405560703,0.9966865722302388,part03,True,False,6.045808554393459
test_z_250,250,5,0.725024938583374,175,172,1278.3203125,1260.7421875,1.9913463012763208,4.852750184542886,0.9961115485605743,part02,7.008653698723668,-4.852750184542877,0.9929010409468982,part03,True,False,10.92566295172992
