extent_candidate,lattice_row,assigned_point_count,row_present
frozen_detector_roi,0,10,True
frozen_detector_roi,1,12,True
frozen_detector_roi,2,12,True
frozen_detector_roi,3,15,True
frozen_detector_roi,4,17,True
frozen_detector_roi,5,20,True
frozen_detector_roi,6,20,True
frozen_detector_roi,7,26,True
frozen_detector_roi,8,28,True
frozen_detector_roi,9,38,True
frozen_detector_roi,10,37,True
frozen_detector_roi,11,39,True
frozen_detector_roi,12,46,True
frozen_detector_roi,13,43,True
frozen_detector_roi,14,47,True
frozen_detector_roi,15,49,True
frozen_detector_roi,16,49,True
frozen_detector_roi,17,49,True
frozen_detector_roi,18,49,True
frozen_detector_roi,19,49,True
frozen_detector_roi,20,49,True
frozen_detector_roi,21,49,True
frozen_detector_roi,22,49,True
frozen_detector_roi,23,50,True
frozen_detector_roi,24,50,True
frozen_detector_roi,25,50,True
frozen_detector_roi,26,50,True
frozen_detector_roi,27,50,True
frozen_detector_roi,28,50,True
frozen_detector_roi,29,50,True
frozen_detector_roi,30,50,True
frozen_detector_roi,31,50,True
frozen_detector_roi,32,50,True
frozen_detector_roi,33,50,True
frozen_detector_roi,34,50,True
frozen_detector_roi,35,50,True
frozen_detector_roi,36,50,True
frozen_detector_roi,37,50,True
frozen_detector_roi,38,0,False
frozen_detector_roi,39,2,True
frozen_detector_roi,40,0,False
frozen_detector_roi,41,0,False
frozen_detector_roi,42,0,False
frozen_detector_roi,43,0,False
frozen_detector_roi,44,0,False
frozen_detector_roi,45,0,False
frozen_detector_roi,46,0,False
frozen_detector_roi,47,0,False
frozen_detector_roi,48,0,False
frozen_detector_roi,49,0,False
frozen_detector_roi,column_0,37,True
frozen_detector_roi,column_1,31,True
frozen_detector_roi,column_2,33,True
frozen_detector_roi,column_3,34,True
frozen_detector_roi,column_4,31,True
frozen_detector_roi,column_5,29,True
frozen_detector_roi,column_6,31,True
frozen_detector_roi,column_7,29,True
frozen_detector_roi,column_8,33,True
frozen_detector_roi,column_9,36,True
frozen_detector_roi,column_10,31,True
frozen_detector_roi,column_11,32,True
frozen_detector_roi,column_12,33,True
frozen_detector_roi,column_13,35,True
frozen_detector_roi,column_14,32,True
frozen_detector_roi,column_15,34,True
frozen_detector_roi,column_16,28,True
frozen_detector_roi,column_17,34,True
frozen_detector_roi,column_18,32,True
frozen_detector_roi,column_19,29,True
frozen_detector_roi,column_20,31,True
frozen_detector_roi,column_21,31,True
frozen_detector_roi,column_22,30,True
frozen_detector_roi,column_23,32,True
frozen_detector_roi,column_24,31,True
frozen_detector_roi,column_25,30,True
frozen_detector_roi,column_26,30,True
frozen_detector_roi,column_27,29,True
frozen_detector_roi,column_28,26,True
frozen_detector_roi,column_29,30,True
frozen_detector_roi,column_30,30,True
frozen_detector_roi,column_31,31,True
frozen_detector_roi,column_32,28,True
frozen_detector_roi,column_33,30,True
frozen_detector_roi,column_34,33,True
frozen_detector_roi,column_35,33,True
frozen_detector_roi,column_36,29,True
frozen_detector_roi,column_37,33,True
frozen_detector_roi,column_38,34,True
frozen_detector_roi,column_39,32,True
frozen_detector_roi,column_40,32,True
frozen_detector_roi,column_41,31,True
frozen_detector_roi,column_42,32,True
frozen_detector_roi,column_43,32,True
frozen_detector_roi,column_44,27,True
frozen_detector_roi,column_45,32,True
frozen_detector_roi,column_46,27,True
frozen_detector_roi,column_47,28,True
frozen_detector_roi,column_48,25,True
frozen_detector_roi,column_49,31,True
v2_human_quad,0,10,True
v2_human_quad,1,12,True
v2_human_quad,2,12,True
v2_human_quad,3,15,True
v2_human_quad,4,17,True
v2_human_quad,5,20,True
v2_human_quad,6,20,True
v2_human_quad,7,26,True
v2_human_quad,8,28,True
v2_human_quad,9,38,True
v2_human_quad,10,37,True
v2_human_quad,11,39,True
v2_human_quad,12,46,True
v2_human_quad,13,43,True
v2_human_quad,14,47,True
v2_human_quad,15,49,True
v2_human_quad,16,49,True
v2_human_quad,17,49,True
v2_human_quad,18,49,True
v2_human_quad,19,49,True
v2_human_quad,20,49,True
v2_human_quad,21,49,True
v2_human_quad,22,49,True
v2_human_quad,23,50,True
v2_human_quad,24,50,True
v2_human_quad,25,50,True
v2_human_quad,26,50,True
v2_human_quad,27,50,True
v2_human_quad,28,50,True
v2_human_quad,29,50,True
v2_human_quad,30,50,True
v2_human_quad,31,50,True
v2_human_quad,32,50,True
v2_human_quad,33,50,True
v2_human_quad,34,50,True
v2_human_quad,35,50,True
v2_human_quad,36,50,True
v2_human_quad,37,37,True
v2_human_quad,38,0,False
v2_human_quad,39,0,False
v2_human_quad,40,0,False
v2_human_quad,41,0,False
v2_human_quad,42,0,False
v2_human_quad,43,0,False
v2_human_quad,44,0,False
v2_human_quad,45,0,False
v2_human_quad,46,0,False
v2_human_quad,47,0,False
v2_human_quad,48,0,False
v2_human_quad,49,0,False
v2_human_quad,column_0,37,True
v2_human_quad,column_1,31,True
v2_human_quad,column_2,33,True
v2_human_quad,column_3,34,True
v2_human_quad,column_4,31,True
v2_human_quad,column_5,29,True
v2_human_quad,column_6,31,True
v2_human_quad,column_7,29,True
v2_human_quad,column_8,32,True
v2_human_quad,column_9,36,True
v2_human_quad,column_10,31,True
v2_human_quad,column_11,32,True
v2_human_quad,column_12,33,True
v2_human_quad,column_13,34,True
v2_human_quad,column_14,32,True
v2_human_quad,column_15,34,True
v2_human_quad,column_16,28,True
v2_human_quad,column_17,33,True
v2_human_quad,column_18,32,True
v2_human_quad,column_19,28,True
v2_human_quad,column_20,30,True
v2_human_quad,column_21,30,True
v2_human_quad,column_22,29,True
v2_human_quad,column_23,31,True
v2_human_quad,column_24,30,True
v2_human_quad,column_25,29,True
v2_human_quad,column_26,29,True
v2_human_quad,column_27,28,True
v2_human_quad,column_28,26,True
v2_human_quad,column_29,29,True
v2_human_quad,column_30,30,True
v2_human_quad,column_31,31,True
v2_human_quad,column_32,28,True
v2_human_quad,column_33,30,True
v2_human_quad,column_34,33,True
v2_human_quad,column_35,33,True
v2_human_quad,column_36,29,True
v2_human_quad,column_37,33,True
v2_human_quad,column_38,34,True
v2_human_quad,column_39,32,True
v2_human_quad,column_40,32,True
v2_human_quad,column_41,30,True
v2_human_quad,column_42,31,True
v2_human_quad,column_43,32,True
v2_human_quad,column_44,27,True
v2_human_quad,column_45,32,True
v2_human_quad,column_46,27,True
v2_human_quad,column_47,28,True
v2_human_quad,column_48,25,True
v2_human_quad,column_49,31,True
