rank_by_response,feature_type,raw_x_px,raw_y_px,response
1,checkerboard_corner_candidate,376.0,583.0,0.00026599556440487504
2,checkerboard_corner_candidate,333.0,1832.0,0.00014712369011249393
3,checkerboard_corner_candidate,378.0,1820.0,0.00014693359844386578
4,checkerboard_corner_candidate,397.0,561.0,0.00014161280705593526
5,checkerboard_corner_candidate,370.0,1833.0,0.00012632072321139276
6,checkerboard_corner_candidate,168.0,1602.0,0.00011471424659248441
7,checkerboard_corner_candidate,363.0,1834.0,7.635125075466931e-05
8,checkerboard_corner_candidate,317.0,1826.0,5.144955503055826e-05
9,checkerboard_corner_candidate,178.0,553.0,4.39556097262539e-05
10,checkerboard_corner_candidate,841.0,1398.0,4.358950536698103e-05
11,checkerboard_corner_candidate,156.0,546.0,4.3326435843482614e-05
12,checkerboard_corner_candidate,1039.0,1421.0,4.2960033169947565e-05
13,checkerboard_corner_candidate,1039.0,1325.0,4.290093056624755e-05
14,checkerboard_corner_candidate,1017.0,1445.0,4.274949606042355e-05
15,checkerboard_corner_candidate,930.0,1349.0,4.2567600758047774e-05
16,checkerboard_corner_candidate,819.0,1374.0,4.253569932188839e-05
17,checkerboard_corner_candidate,1060.0,1444.0,4.25306789111346e-05
18,checkerboard_corner_candidate,1125.0,1325.0,4.214042564854026e-05
19,checkerboard_corner_candidate,952.0,1422.0,4.213529246044345e-05
20,checkerboard_corner_candidate,974.0,1349.0,4.2116298573091626e-05
21,checkerboard_corner_candidate,1039.0,1373.0,4.199703107587993e-05
22,checkerboard_corner_candidate,1082.0,1373.0,4.1954932385124266e-05
23,checkerboard_corner_candidate,995.0,1373.0,4.189331230008975e-05
24,checkerboard_corner_candidate,996.0,1325.0,4.1717161366250366e-05
25,checkerboard_corner_candidate,1082.0,1420.0,4.16274560848251e-05
26,checkerboard_corner_candidate,1061.0,1302.0,4.1571020119590685e-05
27,checkerboard_corner_candidate,349.0,588.0,4.1356652218382806e-05
28,checkerboard_corner_candidate,1081.0,1562.0,4.1309594962513074e-05
29,checkerboard_corner_candidate,1017.0,1397.0,4.120139419683255e-05
30,checkerboard_corner_candidate,864.0,1277.0,4.114697367185727e-05
31,checkerboard_corner_candidate,995.0,1421.0,4.1095529013546184e-05
32,checkerboard_corner_candidate,930.0,1398.0,4.0865888877306134e-05
33,checkerboard_corner_candidate,1017.0,1492.0,4.084097599843517e-05
34,checkerboard_corner_candidate,1060.0,1397.0,4.081979568582028e-05
35,checkerboard_corner_candidate,1124.0,1514.0,4.077074117958546e-05
36,checkerboard_corner_candidate,157.0,464.0,4.077043922734447e-05
37,checkerboard_corner_candidate,930.0,1301.0,4.0704897401155904e-05
38,checkerboard_corner_candidate,863.0,1374.0,4.059875209350139e-05
39,checkerboard_corner_candidate,1016.0,1540.0,4.049715062137693e-05
40,checkerboard_corner_candidate,952.0,1373.0,4.0360122511629015e-05
41,checkerboard_corner_candidate,841.0,1350.0,4.013885336462408e-05
42,checkerboard_corner_candidate,908.0,1326.0,4.006076051155105e-05
43,checkerboard_corner_candidate,886.0,1350.0,3.9894912333693355e-05
44,checkerboard_corner_candidate,907.0,1470.0,3.988607568317093e-05
45,checkerboard_corner_candidate,929.0,1494.0,3.986130832345225e-05
46,checkerboard_corner_candidate,796.0,1398.0,3.9859849493950605e-05
47,checkerboard_corner_candidate,1061.0,1349.0,3.975820800405927e-05
48,checkerboard_corner_candidate,929.0,1446.0,3.973054117523134e-05
49,checkerboard_corner_candidate,819.0,1325.0,3.969044701079838e-05
50,checkerboard_corner_candidate,995.0,1564.0,3.9604565245099366e-05
51,checkerboard_corner_candidate,863.0,1422.0,3.9585327613167465e-05
52,checkerboard_corner_candidate,973.0,1397.0,3.953375562559813e-05
53,checkerboard_corner_candidate,1017.0,1349.0,3.939835733035579e-05
54,checkerboard_corner_candidate,818.0,1423.0,3.9383307012030855e-05
55,checkerboard_corner_candidate,908.0,1374.0,3.935393033316359e-05
56,checkerboard_corner_candidate,974.0,1302.0,3.928508886019699e-05
57,checkerboard_corner_candidate,1102.0,1538.0,3.920743620255962e-05
58,checkerboard_corner_candidate,1104.0,1302.0,3.91839821531903e-05
59,checkerboard_corner_candidate,952.0,1277.0,3.9115937397582456e-05
60,checkerboard_corner_candidate,886.0,1301.0,3.911228122888133e-05
61,checkerboard_corner_candidate,1145.0,1443.0,3.902021126123145e-05
62,checkerboard_corner_candidate,1060.0,1492.0,3.9011451008263975e-05
63,checkerboard_corner_candidate,1124.0,1467.0,3.898855356965214e-05
64,checkerboard_corner_candidate,973.0,1493.0,3.896090856869705e-05
65,checkerboard_corner_candidate,951.0,1565.0,3.8921323721297085e-05
66,checkerboard_corner_candidate,952.0,1325.0,3.892070162692107e-05
67,checkerboard_corner_candidate,885.0,1398.0,3.890082734869793e-05
68,checkerboard_corner_candidate,1146.0,1349.0,3.8892139855306596e-05
69,checkerboard_corner_candidate,1103.0,1491.0,3.882318560499698e-05
70,checkerboard_corner_candidate,1059.0,1587.0,3.877509880112484e-05
71,checkerboard_corner_candidate,841.0,1447.0,3.8758458686061203e-05
72,checkerboard_corner_candidate,1038.0,1468.0,3.871856824844144e-05
73,checkerboard_corner_candidate,1125.0,1373.0,3.866823317366652e-05
74,checkerboard_corner_candidate,1103.0,1349.0,3.864978862111457e-05
75,checkerboard_corner_candidate,996.0,1278.0,3.8554073398699984e-05
76,checkerboard_corner_candidate,1146.0,1396.0,3.851260044029914e-05
77,checkerboard_corner_candidate,1081.0,1515.0,3.849680797429755e-05
78,checkerboard_corner_candidate,907.0,1614.0,3.8433783629443496e-05
79,checkerboard_corner_candidate,1103.0,1397.0,3.8395195588236675e-05
80,checkerboard_corner_candidate,973.0,1636.0,3.8373404095182195e-05
81,checkerboard_corner_candidate,1082.0,1326.0,3.8324556953739375e-05
82,checkerboard_corner_candidate,1145.0,1584.0,3.8201655115699396e-05
83,checkerboard_corner_candidate,1018.0,1302.0,3.819524135906249e-05
84,checkerboard_corner_candidate,1038.0,1563.0,3.817402830463834e-05
85,checkerboard_corner_candidate,864.0,1325.0,3.815220043179579e-05
86,checkerboard_corner_candidate,796.0,1350.0,3.8102021790109575e-05
87,checkerboard_corner_candidate,995.0,1517.0,3.804568768828176e-05
88,checkerboard_corner_candidate,1124.0,1561.0,3.794774238485843e-05
89,checkerboard_corner_candidate,908.0,1277.0,3.7886729842284694e-05
90,checkerboard_corner_candidate,951.0,1517.0,3.787322930293158e-05
91,checkerboard_corner_candidate,353.0,1833.0,3.7792749935761094e-05
92,checkerboard_corner_candidate,1059.0,1681.0,3.776093217311427e-05
93,checkerboard_corner_candidate,1016.0,1635.0,3.775995719479397e-05
94,checkerboard_corner_candidate,973.0,1445.0,3.7759764381917194e-05
95,checkerboard_corner_candidate,1146.0,1302.0,3.769486283999868e-05
96,checkerboard_corner_candidate,819.0,1277.0,3.76256721210666e-05
97,checkerboard_corner_candidate,1038.0,1658.0,3.758061575354077e-05
98,checkerboard_corner_candidate,1167.0,1372.0,3.751145413843915e-05
99,checkerboard_corner_candidate,951.0,1613.0,3.748046947293915e-05
100,checkerboard_corner_candidate,1103.0,1444.0,3.7415553379105404e-05
101,checkerboard_corner_candidate,885.0,1543.0,3.738062150659971e-05
102,checkerboard_corner_candidate,907.0,1566.0,3.73495822714176e-05
103,checkerboard_corner_candidate,994.0,1612.0,3.725746864802204e-05
104,checkerboard_corner_candidate,1038.0,1516.0,3.7256762880133465e-05
105,checkerboard_corner_candidate,1145.0,1537.0,3.722954716067761e-05
106,checkerboard_corner_candidate,885.0,1639.0,3.7177382182562724e-05
107,checkerboard_corner_candidate,951.0,1469.0,3.714057675097138e-05
108,checkerboard_corner_candidate,841.0,1495.0,3.713982368935831e-05
109,checkerboard_corner_candidate,1354.0,1302.0,3.7124005757505074e-05
110,checkerboard_corner_candidate,974.0,1332.0,3.704344999277964e-05
111,checkerboard_corner_candidate,1060.0,1539.0,3.692480822792277e-05
112,checkerboard_corner_candidate,398.0,554.0,3.683861723402515e-05
113,checkerboard_corner_candidate,1145.0,1490.0,3.6707155231852084e-05
114,checkerboard_corner_candidate,818.0,1471.0,3.6693483707495034e-05
115,checkerboard_corner_candidate,885.0,1446.0,3.665717667900026e-05
116,checkerboard_corner_candidate,1145.0,1631.0,3.6606630601454526e-05
117,checkerboard_corner_candidate,907.0,1518.0,3.651765291579068e-05
118,checkerboard_corner_candidate,995.0,1469.0,3.65154082828667e-05
119,checkerboard_corner_candidate,907.0,1422.0,3.6511752114165574e-05
120,checkerboard_corner_candidate,973.0,1541.0,3.6510551581159234e-05
121,checkerboard_corner_candidate,1081.0,1657.0,3.644523530965671e-05
122,checkerboard_corner_candidate,841.0,1301.0,3.640117938630283e-05
123,checkerboard_corner_candidate,1081.0,1610.0,3.637140252976678e-05
124,checkerboard_corner_candidate,796.0,1447.0,3.627348996815272e-05
125,checkerboard_corner_candidate,863.0,1471.0,3.6129938962403685e-05
126,checkerboard_corner_candidate,1125.0,1278.0,3.611525971791707e-05
127,checkerboard_corner_candidate,1102.0,1585.0,3.5988872696179897e-05
128,checkerboard_corner_candidate,1189.0,1302.0,3.5973200283478945e-05
129,checkerboard_corner_candidate,842.0,1253.0,3.596489841584116e-05
130,checkerboard_corner_candidate,1081.0,1468.0,3.5944667615694925e-05
131,checkerboard_corner_candidate,863.0,1567.0,3.594214649638161e-05
132,checkerboard_corner_candidate,929.0,1685.0,3.5931985621573403e-05
133,checkerboard_corner_candidate,1123.0,1608.0,3.5923665564041585e-05
134,checkerboard_corner_candidate,1251.0,1325.0,3.5890690924134105e-05
135,checkerboard_corner_candidate,1059.0,1634.0,3.586203820304945e-05
136,checkerboard_corner_candidate,994.0,1659.0,3.5839442716678604e-05
137,checkerboard_corner_candidate,1080.0,1704.0,3.579171243472956e-05
138,checkerboard_corner_candidate,951.0,1661.0,3.578729956643656e-05
139,checkerboard_corner_candidate,1144.0,1678.0,3.577065945137292e-05
140,checkerboard_corner_candidate,929.0,1590.0,3.576171366148628e-05
141,checkerboard_corner_candidate,697.0,539.0,3.575947630451992e-05
142,checkerboard_corner_candidate,840.0,1543.0,3.574211586965248e-05
143,checkerboard_corner_candidate,1124.0,1420.0,3.5695236874744296e-05
144,checkerboard_corner_candidate,929.0,1542.0,3.5637658584164456e-05
145,checkerboard_corner_candidate,1299.0,1668.0,3.554700015229173e-05
146,checkerboard_corner_candidate,1039.0,1278.0,3.54927105945535e-05
147,checkerboard_corner_candidate,1209.0,1419.0,3.546120206010528e-05
148,checkerboard_corner_candidate,952.0,1308.0,3.5460456274449825e-05
149,checkerboard_corner_candidate,1167.0,1325.0,3.536934673320502e-05
150,checkerboard_corner_candidate,885.0,1494.0,3.5289409424876794e-05
151,checkerboard_corner_candidate,1292.0,1418.0,3.5283366742078215e-05
152,checkerboard_corner_candidate,1061.0,1254.0,3.525097417877987e-05
153,checkerboard_corner_candidate,1124.0,1332.0,3.518234734656289e-05
154,checkerboard_corner_candidate,1039.0,1356.0,3.517938239383511e-05
155,checkerboard_corner_candidate,797.0,1301.0,3.5168610338587314e-05
156,checkerboard_corner_candidate,1210.0,1279.0,3.516096330713481e-05
157,checkerboard_corner_candidate,1018.0,1254.0,3.515165371936746e-05
158,checkerboard_corner_candidate,1059.0,1728.0,3.514666241244413e-05
159,checkerboard_corner_candidate,1166.0,1607.0,3.5125241993227974e-05
160,checkerboard_corner_candidate,907.0,1710.0,3.510587339405902e-05
161,checkerboard_corner_candidate,973.0,1589.0,3.5101147659588605e-05
162,checkerboard_corner_candidate,1168.0,1278.0,3.506624125293456e-05
163,checkerboard_corner_candidate,1082.0,1278.0,3.503583502606489e-05
164,checkerboard_corner_candidate,1104.0,1254.0,3.501561513985507e-05
165,checkerboard_corner_candidate,1016.0,1682.0,3.499149897834286e-05
166,checkerboard_corner_candidate,1038.0,1611.0,3.498328442219645e-05
167,checkerboard_corner_candidate,1102.0,1633.0,3.497791840345599e-05
168,checkerboard_corner_candidate,1188.0,1349.0,3.4840748412534595e-05
169,checkerboard_corner_candidate,930.0,1332.0,3.4827764466172084e-05
170,checkerboard_corner_candidate,1166.0,1654.0,3.479954830254428e-05
171,checkerboard_corner_candidate,907.0,1662.0,3.4730255720205605e-05
172,checkerboard_corner_candidate,840.0,1640.0,3.4687313018366694e-05
173,checkerboard_corner_candidate,1016.0,1588.0,3.455782643868588e-05
174,checkerboard_corner_candidate,1123.0,1749.0,3.454314355622046e-05
175,checkerboard_corner_candidate,885.0,1591.0,3.452730743447319e-05
176,checkerboard_corner_candidate,1146.0,1332.0,3.452040255069733e-05
177,checkerboard_corner_candidate,886.0,1253.0,3.44420041074045e-05
178,checkerboard_corner_candidate,1123.0,1656.0,3.4414879337418824e-05
179,checkerboard_corner_candidate,1104.0,1285.0,3.441099397605285e-05
180,checkerboard_corner_candidate,1394.0,1394.0,3.4344990126555786e-05
181,checkerboard_corner_candidate,840.0,1688.0,3.4277305530849844e-05
182,checkerboard_corner_candidate,1038.0,1705.0,3.421770816203207e-05
183,checkerboard_corner_candidate,863.0,1615.0,3.415856554056518e-05
184,checkerboard_corner_candidate,929.0,1638.0,3.413363447180018e-05
185,checkerboard_corner_candidate,863.0,1663.0,3.411263242014684e-05
186,checkerboard_corner_candidate,818.0,1520.0,3.408916381886229e-05
187,checkerboard_corner_candidate,1209.0,1372.0,3.407884651096538e-05
188,checkerboard_corner_candidate,1292.0,1325.0,3.405852476134896e-05
189,checkerboard_corner_candidate,665.0,1817.0,3.4010812669293955e-05
190,checkerboard_corner_candidate,818.0,1568.0,3.3994787372648716e-05
191,checkerboard_corner_candidate,1272.0,1349.0,3.3932181395357475e-05
192,checkerboard_corner_candidate,1271.0,1442.0,3.3858490496641025e-05
193,checkerboard_corner_candidate,377.0,1827.0,3.3794069167925045e-05
194,checkerboard_corner_candidate,945.0,1452.0,3.378352630534209e-05
195,checkerboard_corner_candidate,1332.0,1464.0,3.377977554919198e-05
196,checkerboard_corner_candidate,929.0,1356.0,3.365093652973883e-05
197,checkerboard_corner_candidate,1251.0,1372.0,3.36411758325994e-05
198,checkerboard_corner_candidate,1124.0,1403.0,3.363552605151199e-05
199,checkerboard_corner_candidate,863.0,1405.0,3.3611664548516273e-05
200,checkerboard_corner_candidate,995.0,1404.0,3.3598927984712645e-05
201,checkerboard_corner_candidate,1229.0,1582.0,3.3589207305340096e-05
202,checkerboard_corner_candidate,1230.0,1396.0,3.3581127354409546e-05
203,checkerboard_corner_candidate,1230.0,1442.0,3.357441528351046e-05
204,checkerboard_corner_candidate,1230.0,1302.0,3.356928937137127e-05
205,checkerboard_corner_candidate,1123.0,1702.0,3.3548105420777574e-05
206,checkerboard_corner_candidate,1313.0,1395.0,3.345450386404991e-05
207,checkerboard_corner_candidate,1103.0,1332.0,3.3395794162061065e-05
208,checkerboard_corner_candidate,994.0,1754.0,3.338767055538483e-05
209,checkerboard_corner_candidate,796.0,1496.0,3.334376015118323e-05
210,checkerboard_corner_candidate,974.0,1284.0,3.331038897158578e-05
211,checkerboard_corner_candidate,1082.0,1356.0,3.32947529386729e-05
212,checkerboard_corner_candidate,1250.0,1419.0,3.3271557185798883e-05
213,checkerboard_corner_candidate,1271.0,1395.0,3.325107536511496e-05
214,checkerboard_corner_candidate,973.0,1380.0,3.324983481434174e-05
215,checkerboard_corner_candidate,1230.0,1349.0,3.3190135582117364e-05
216,checkerboard_corner_candidate,797.0,1252.0,3.3186519431183115e-05
217,checkerboard_corner_candidate,1188.0,1396.0,3.3142623578896746e-05
218,checkerboard_corner_candidate,929.0,1733.0,3.3142525353468955e-05
219,checkerboard_corner_candidate,1144.0,1725.0,3.3106385671999305e-05
220,checkerboard_corner_candidate,1017.0,1380.0,3.3090786018874496e-05
221,checkerboard_corner_candidate,1103.0,1427.0,3.309025487396866e-05
222,checkerboard_corner_candidate,930.0,1253.0,3.306279904791154e-05
223,checkerboard_corner_candidate,994.0,1707.0,3.305468271719292e-05
224,checkerboard_corner_candidate,907.0,1758.0,3.303769699414261e-05
225,checkerboard_corner_candidate,951.0,1708.0,3.302160621387884e-05
226,checkerboard_corner_candidate,885.0,1380.0,3.29888061969541e-05
227,checkerboard_corner_candidate,973.0,1428.0,3.298276715213433e-05
228,checkerboard_corner_candidate,1271.0,1488.0,3.2962645491352305e-05
229,checkerboard_corner_candidate,1016.0,1730.0,3.295920032542199e-05
230,checkerboard_corner_candidate,1102.0,1680.0,3.293485497124493e-05
231,checkerboard_corner_candidate,818.0,1665.0,3.2899875805014744e-05
232,checkerboard_corner_candidate,1039.0,1332.0,3.287921572336927e-05
233,checkerboard_corner_candidate,1250.0,1512.0,3.284830745542422e-05
234,checkerboard_corner_candidate,1032.0,1355.0,3.2835079764481634e-05
235,checkerboard_corner_candidate,1166.0,1513.0,3.275502604083158e-05
236,checkerboard_corner_candidate,996.0,1308.0,3.274560731370002e-05
237,checkerboard_corner_candidate,818.0,1616.0,3.272019239375368e-05
238,checkerboard_corner_candidate,818.0,1356.0,3.2689171348465607e-05
239,checkerboard_corner_candidate,908.0,1308.0,3.267805004725233e-05
240,checkerboard_corner_candidate,1292.0,1372.0,3.26759327435866e-05
241,checkerboard_corner_candidate,1394.0,1440.0,3.267100328230299e-05
242,checkerboard_corner_candidate,841.0,1332.0,3.2635583920637146e-05
243,checkerboard_corner_candidate,1167.0,1420.0,3.257975185988471e-05
244,checkerboard_corner_candidate,863.0,1308.0,3.257412026869133e-05
245,checkerboard_corner_candidate,1271.0,1535.0,3.2547672162763774e-05
246,checkerboard_corner_candidate,930.0,1284.0,3.254041075706482e-05
247,checkerboard_corner_candidate,1209.0,1325.0,3.2528609153814614e-05
248,checkerboard_corner_candidate,972.0,1684.0,3.252781607443467e-05
249,checkerboard_corner_candidate,1124.0,1450.0,3.250069130444899e-05
250,checkerboard_corner_candidate,1414.0,1417.0,3.2493844628334045e-05
251,checkerboard_corner_candidate,923.0,1332.0,3.248506982345134e-05
252,checkerboard_corner_candidate,952.0,1356.0,3.2465661206515506e-05
253,checkerboard_corner_candidate,1147.0,1255.0,3.243283572373912e-05
254,checkerboard_corner_candidate,1208.0,1513.0,3.242889215471223e-05
255,checkerboard_corner_candidate,1016.0,1777.0,3.2399726478615776e-05
256,checkerboard_corner_candidate,1125.0,1308.0,3.239610668970272e-05
257,checkerboard_corner_candidate,1208.0,1606.0,3.237571218051016e-05
258,checkerboard_corner_candidate,382.0,1813.0,3.236867269151844e-05
259,checkerboard_corner_candidate,950.0,1756.0,3.2367417588829994e-05
260,checkerboard_corner_candidate,1312.0,1534.0,3.2321295293513685e-05
261,checkerboard_corner_candidate,995.0,1332.0,3.229137655580416e-05
262,checkerboard_corner_candidate,1082.0,1308.0,3.228446075809188e-05
263,checkerboard_corner_candidate,1039.0,1308.0,3.2275223929900676e-05
264,checkerboard_corner_candidate,1017.0,1475.0,3.220796133973636e-05
265,checkerboard_corner_candidate,951.0,1332.0,3.218942219973542e-05
266,checkerboard_corner_candidate,901.0,1398.0,3.218707206542604e-05
267,checkerboard_corner_candidate,1187.0,1583.0,3.21810512105003e-05
268,checkerboard_corner_candidate,886.0,1332.0,3.214597745682113e-05
269,checkerboard_corner_candidate,1332.0,1510.0,3.214588650735095e-05
270,checkerboard_corner_candidate,1167.0,1466.0,3.2144329452421516e-05
271,checkerboard_corner_candidate,995.0,1380.0,3.212961746612564e-05
272,checkerboard_corner_candidate,1040.0,1230.0,3.2118638046085835e-05
273,checkerboard_corner_candidate,1081.0,1498.0,3.211079820175655e-05
274,checkerboard_corner_candidate,1209.0,1466.0,3.209732676623389e-05
275,checkerboard_corner_candidate,967.0,1421.0,3.20933795592282e-05
276,checkerboard_corner_candidate,1272.0,1302.0,3.2089454180095345e-05
277,checkerboard_corner_candidate,951.0,1404.0,3.2088551961351186e-05
278,checkerboard_corner_candidate,1291.0,1511.0,3.206766632501967e-05
279,checkerboard_corner_candidate,383.0,581.0,3.2053878385340795e-05
280,checkerboard_corner_candidate,972.0,1779.0,3.1988332921173424e-05
281,checkerboard_corner_candidate,840.0,1592.0,3.1980562198441476e-05
282,checkerboard_corner_candidate,1076.0,1403.0,3.197695696144365e-05
283,checkerboard_corner_candidate,1332.0,1556.0,3.196000761818141e-05
284,checkerboard_corner_candidate,1059.0,1775.0,3.195526005583815e-05
285,checkerboard_corner_candidate,1146.0,1285.0,3.193312659277581e-05
286,checkerboard_corner_candidate,1313.0,1349.0,3.192431540810503e-05
287,checkerboard_corner_candidate,1033.0,1403.0,3.191647192579694e-05
288,checkerboard_corner_candidate,1312.0,1441.0,3.187906986568123e-05
289,checkerboard_corner_candidate,1229.0,1536.0,3.183939406881109e-05
290,checkerboard_corner_candidate,1038.0,1475.0,3.182165892212652e-05
291,checkerboard_corner_candidate,1139.0,1331.0,3.178815677529201e-05
292,checkerboard_corner_candidate,886.0,1284.0,3.1773626687936485e-05
293,checkerboard_corner_candidate,1060.0,1427.0,3.1737563404021785e-05
294,checkerboard_corner_candidate,1125.0,1356.0,3.173366349074058e-05
295,checkerboard_corner_candidate,1333.0,1418.0,3.169362753396854e-05
296,checkerboard_corner_candidate,1018.0,1284.0,3.1674080673838034e-05
297,checkerboard_corner_candidate,1060.0,1356.0,3.167055911035277e-05
298,checkerboard_corner_candidate,1017.0,1332.0,3.162711800541729e-05
299,checkerboard_corner_candidate,929.0,1308.0,3.160800406476483e-05
300,checkerboard_corner_candidate,1313.0,1302.0,3.1595584005117416e-05
301,checkerboard_corner_candidate,952.0,1284.0,3.158368417643942e-05
302,checkerboard_corner_candidate,1187.0,1630.0,3.156918683089316e-05
303,checkerboard_corner_candidate,1081.0,1427.0,3.1558658520225435e-05
304,checkerboard_corner_candidate,819.0,1308.0,3.154206569888629e-05
305,checkerboard_corner_candidate,973.0,1356.0,3.1528925319435075e-05
306,checkerboard_corner_candidate,929.0,1781.0,3.152058707200922e-05
307,checkerboard_corner_candidate,1061.0,1285.0,3.14915414492134e-05
308,checkerboard_corner_candidate,863.0,1453.0,3.1466355721931905e-05
309,checkerboard_corner_candidate,796.0,1544.0,3.14320859615691e-05
310,checkerboard_corner_candidate,841.0,1380.0,3.1425137422047555e-05
311,checkerboard_corner_candidate,1097.0,1325.0,3.13976634060964e-05
312,checkerboard_corner_candidate,953.0,1229.0,3.1386785849463195e-05
313,checkerboard_corner_candidate,930.0,1380.0,3.135792940156534e-05
314,checkerboard_corner_candidate,1038.0,1380.0,3.128682146780193e-05
315,checkerboard_corner_candidate,995.0,1428.0,3.128545722574927e-05
316,checkerboard_corner_candidate,1229.0,1489.0,3.128412936348468e-05
317,checkerboard_corner_candidate,995.0,1356.0,3.127863601548597e-05
318,checkerboard_corner_candidate,863.0,1356.0,3.127745003439486e-05
319,checkerboard_corner_candidate,1038.0,1451.0,3.1257353839464486e-05
320,checkerboard_corner_candidate,1353.0,1487.0,3.124173599644564e-05
321,checkerboard_corner_candidate,885.0,1477.0,3.122502675978467e-05
322,checkerboard_corner_candidate,1125.0,1261.0,3.122167254332453e-05
323,checkerboard_corner_candidate,820.0,1228.0,3.12109368678648e-05
324,checkerboard_corner_candidate,1097.0,1284.0,3.119402754236944e-05
325,checkerboard_corner_candidate,1103.0,1356.0,3.118297172477469e-05
326,checkerboard_corner_candidate,996.0,1230.0,3.115840081591159e-05
327,checkerboard_corner_candidate,1083.0,1231.0,3.113851562375203e-05
328,checkerboard_corner_candidate,885.0,1735.0,3.113306956947781e-05
329,checkerboard_corner_candidate,974.0,1254.0,3.112527701887302e-05
330,checkerboard_corner_candidate,1038.0,1499.0,3.107830343651585e-05
331,checkerboard_corner_candidate,1291.0,1557.0,3.107728480244987e-05
332,checkerboard_corner_candidate,885.0,1429.0,3.105600626440719e-05
333,checkerboard_corner_candidate,818.0,1761.0,3.10316972900182e-05
334,checkerboard_corner_candidate,1292.0,1465.0,3.1015144486445934e-05
335,checkerboard_corner_candidate,1118.0,1349.0,3.0991450330475345e-05
336,checkerboard_corner_candidate,1166.0,1560.0,3.0985109333414584e-05
337,checkerboard_corner_candidate,1075.0,1349.0,3.0942414014134556e-05
338,checkerboard_corner_candidate,1060.0,1332.0,3.090800601057708e-05
339,checkerboard_corner_candidate,951.0,1500.0,3.090653626713902e-05
340,checkerboard_corner_candidate,908.0,1229.0,3.088700759690255e-05
341,checkerboard_corner_candidate,1352.0,1579.0,3.087490767939016e-05
342,checkerboard_corner_candidate,1189.0,1255.0,3.085086427745409e-05
343,checkerboard_corner_candidate,863.0,1332.0,3.085070420638658e-05
344,checkerboard_corner_candidate,1374.0,1325.0,3.083244519075379e-05
345,checkerboard_corner_candidate,1333.0,1325.0,3.082920011365786e-05
346,checkerboard_corner_candidate,863.0,1519.0,3.081968679907732e-05
347,checkerboard_corner_candidate,1080.0,1751.0,3.081734394072555e-05
348,checkerboard_corner_candidate,989.0,1397.0,3.0762123060412705e-05
349,checkerboard_corner_candidate,1146.0,1379.0,3.0752464226679876e-05
350,checkerboard_corner_candidate,886.0,1308.0,3.074963024118915e-05
351,checkerboard_corner_candidate,818.0,1332.0,3.070242382818833e-05
352,checkerboard_corner_candidate,952.0,1260.0,3.0687795515405014e-05
353,checkerboard_corner_candidate,1102.0,1727.0,3.0678387702209875e-05
354,checkerboard_corner_candidate,1250.0,1558.0,3.066411954932846e-05
355,checkerboard_corner_candidate,1010.0,1475.0,3.06234578602016e-05
356,checkerboard_corner_candidate,1011.0,1284.0,3.059997834498063e-05
357,checkerboard_corner_candidate,908.0,1404.0,3.057915091631003e-05
358,checkerboard_corner_candidate,923.0,1380.0,3.057806316064671e-05
359,checkerboard_corner_candidate,945.0,1356.0,3.0577601137338206e-05
360,checkerboard_corner_candidate,945.0,1308.0,3.052365718758665e-05
361,checkerboard_corner_candidate,1187.0,1536.0,3.047955033252947e-05
362,checkerboard_corner_candidate,1037.0,1753.0,3.0438153771683574e-05
363,checkerboard_corner_candidate,1434.0,1394.0,3.0436040105996653e-05
364,checkerboard_corner_candidate,967.0,1326.0,3.0429038815782405e-05
365,checkerboard_corner_candidate,879.0,1332.0,3.041619129362516e-05
366,checkerboard_corner_candidate,1250.0,1465.0,3.04145705740666e-05
367,checkerboard_corner_candidate,1415.0,1325.0,3.0407814847421832e-05
368,checkerboard_corner_candidate,1145.0,1450.0,3.0384122510440648e-05
369,checkerboard_corner_candidate,1312.0,1488.0,3.0365057682502083e-05
370,checkerboard_corner_candidate,1393.0,1486.0,3.0358887670445256e-05
371,checkerboard_corner_candidate,1118.0,1396.0,3.0352955946000293e-05
372,checkerboard_corner_candidate,973.0,1404.0,3.034076507901773e-05
373,checkerboard_corner_candidate,1125.0,1231.0,3.030082370969467e-05
374,checkerboard_corner_candidate,796.0,1593.0,3.0298862839117646e-05
375,checkerboard_corner_candidate,1010.0,1570.0,3.0242761567933485e-05
376,checkerboard_corner_candidate,1017.0,1427.0,3.0234303267206997e-05
377,checkerboard_corner_candidate,1188.0,1443.0,3.0231916753109545e-05
378,checkerboard_corner_candidate,1060.0,1379.0,3.022915916517377e-05
379,checkerboard_corner_candidate,951.0,1380.0,3.0226930903154425e-05
380,checkerboard_corner_candidate,1353.0,1441.0,3.0225401133066043e-05
381,checkerboard_corner_candidate,1053.0,1468.0,3.0217390303732827e-05
382,checkerboard_corner_candidate,1394.0,1348.0,3.0215200240490958e-05
383,checkerboard_corner_candidate,1010.0,1427.0,3.0212337151169777e-05
384,checkerboard_corner_candidate,796.0,1381.0,3.0188646633177996e-05
385,checkerboard_corner_candidate,901.0,1452.0,3.017548988282215e-05
386,checkerboard_corner_candidate,952.0,1452.0,3.017034032382071e-05
387,checkerboard_corner_candidate,1054.0,1325.0,3.0166571377776563e-05
388,checkerboard_corner_candidate,995.0,1499.0,3.0165454518282786e-05
389,checkerboard_corner_candidate,967.0,1469.0,3.0144561605993658e-05
390,checkerboard_corner_candidate,864.0,1229.0,3.0131704988889396e-05
391,checkerboard_corner_candidate,1373.0,1509.0,3.012315573869273e-05
392,checkerboard_corner_candidate,929.0,1428.0,3.0101462471066043e-05
393,checkerboard_corner_candidate,840.0,1736.0,3.0073033485678025e-05
394,checkerboard_corner_candidate,1187.0,1490.0,3.0071176297497004e-05
395,checkerboard_corner_candidate,972.0,1732.0,3.0068966225371696e-05
396,checkerboard_corner_candidate,1117.0,1585.0,3.0019322366570123e-05
397,checkerboard_corner_candidate,1393.0,1578.0,3.001888944709208e-05
398,checkerboard_corner_candidate,1250.0,1605.0,3.0011720809852704e-05
399,checkerboard_corner_candidate,1291.0,1604.0,3.0006498491275124e-05
400,checkerboard_corner_candidate,1075.0,1356.0,2.9978942620800808e-05
401,checkerboard_corner_candidate,1138.0,1514.0,2.9973842174513265e-05
402,checkerboard_corner_candidate,857.0,1398.0,2.9973281925776973e-05
403,checkerboard_corner_candidate,1054.0,1308.0,2.9970051400596276e-05
404,checkerboard_corner_candidate,989.0,1302.0,2.995691102114506e-05
405,checkerboard_corner_candidate,841.0,1283.0,2.993818088725675e-05
406,checkerboard_corner_candidate,1353.0,1533.0,2.99293315038085e-05
407,checkerboard_corner_candidate,818.0,1405.0,2.9912656827946194e-05
408,checkerboard_corner_candidate,945.0,1349.0,2.9904445909778588e-05
409,checkerboard_corner_candidate,879.0,1422.0,2.9894143153796904e-05
410,checkerboard_corner_candidate,1016.0,1499.0,2.987436528201215e-05
411,checkerboard_corner_candidate,834.0,1374.0,2.9868782803532667e-05
412,checkerboard_corner_candidate,1334.0,1279.0,2.981123725476209e-05
413,checkerboard_corner_candidate,1081.0,1569.0,2.9765120416413993e-05
414,checkerboard_corner_candidate,1103.0,1474.0,2.9748527595074847e-05
415,checkerboard_corner_candidate,908.0,1356.0,2.973604205180891e-05
416,checkerboard_corner_candidate,1123.0,1568.0,2.9724878913839348e-05
417,checkerboard_corner_candidate,1097.0,1373.0,2.971786307170987e-05
418,checkerboard_corner_candidate,357.0,591.0,2.9714978154515848e-05
419,checkerboard_corner_candidate,863.0,1759.0,2.9677394195459783e-05
420,checkerboard_corner_candidate,951.0,1476.0,2.967500222439412e-05
421,checkerboard_corner_candidate,841.0,1429.0,2.966458851005882e-05
422,checkerboard_corner_candidate,1434.0,1440.0,2.9643824746017344e-05
423,checkerboard_corner_candidate,885.0,1782.0,2.964314080600161e-05
424,checkerboard_corner_candidate,967.0,1373.0,2.9626588002429344e-05
425,checkerboard_corner_candidate,818.0,1453.0,2.9602484573842958e-05
426,checkerboard_corner_candidate,1074.0,1592.0,2.9599214030895382e-05
427,checkerboard_corner_candidate,1060.0,1475.0,2.9587037715828046e-05
428,checkerboard_corner_candidate,1333.0,1372.0,2.958170443889685e-05
429,checkerboard_corner_candidate,989.0,1349.0,2.9564320357167162e-05
430,checkerboard_corner_candidate,1016.0,1523.0,2.954847877845168e-05
431,checkerboard_corner_candidate,1139.0,1426.0,2.9537559385062195e-05
432,checkerboard_corner_candidate,1124.0,1544.0,2.953536568384152e-05
433,checkerboard_corner_candidate,1454.0,1371.0,2.952094655483961e-05
434,checkerboard_corner_candidate,924.0,1277.0,2.9511375032598153e-05
435,checkerboard_corner_candidate,1102.0,1774.0,2.950563248305116e-05
436,checkerboard_corner_candidate,1118.0,1308.0,2.9496357456082478e-05
437,checkerboard_corner_candidate,996.0,1260.0,2.949194094981067e-05
438,checkerboard_corner_candidate,1096.0,1568.0,2.9465361876646057e-05
439,checkerboard_corner_candidate,834.0,1429.0,2.9443903258652426e-05
440,checkerboard_corner_candidate,988.0,1445.0,2.9421467843349092e-05
441,checkerboard_corner_candidate,1292.0,1309.0,2.9413318770821206e-05
442,checkerboard_corner_candidate,1054.0,1420.0,2.940793456218671e-05
443,checkerboard_corner_candidate,973.0,1476.0,2.9390608688117936e-05
444,checkerboard_corner_candidate,923.0,1325.0,2.9388524126261473e-05
445,checkerboard_corner_candidate,862.0,1711.0,2.9383963919826783e-05
446,checkerboard_corner_candidate,1229.0,1629.0,2.9381206331891008e-05
447,checkerboard_corner_candidate,907.0,1549.0,2.9362814530031756e-05
448,checkerboard_corner_candidate,995.0,1452.0,2.9362327040871605e-05
449,checkerboard_corner_candidate,818.0,1713.0,2.9359853215282783e-05
450,checkerboard_corner_candidate,945.0,1397.0,2.9322072805371135e-05
451,checkerboard_corner_candidate,1414.0,1371.0,2.932157804025337e-05
452,checkerboard_corner_candidate,879.0,1325.0,2.932032657554373e-05
453,checkerboard_corner_candidate,1374.0,1418.0,2.931778726633638e-05
454,checkerboard_corner_candidate,907.0,1284.0,2.9316583095351234e-05
455,checkerboard_corner_candidate,1117.0,1544.0,2.9315597203094512e-05
456,checkerboard_corner_candidate,945.0,1445.0,2.928579124272801e-05
457,checkerboard_corner_candidate,1081.0,1451.0,2.927874811575748e-05
458,checkerboard_corner_candidate,901.0,1350.0,2.9277616704348475e-05
459,checkerboard_corner_candidate,1102.0,1521.0,2.9270477170939557e-05
460,checkerboard_corner_candidate,1251.0,1279.0,2.9267535865074024e-05
461,checkerboard_corner_candidate,1082.0,1261.0,2.9265684133861214e-05
462,checkerboard_corner_candidate,1060.0,1451.0,2.925105218309909e-05
463,checkerboard_corner_candidate,946.0,1301.0,2.9248771170387045e-05
464,checkerboard_corner_candidate,1231.0,1255.0,2.924269028881099e-05
465,checkerboard_corner_candidate,1075.0,1444.0,2.9241491574794054e-05
466,checkerboard_corner_candidate,1096.0,1426.0,2.923802094301209e-05
467,checkerboard_corner_candidate,1208.0,1560.0,2.9237162380013615e-05
468,checkerboard_corner_candidate,1145.0,1520.0,2.921009399869945e-05
469,checkerboard_corner_candidate,1354.0,1349.0,2.9208182240836322e-05
470,checkerboard_corner_candidate,1011.0,1325.0,2.920166662079282e-05
471,checkerboard_corner_candidate,1032.0,1492.0,2.9199802156654187e-05
472,checkerboard_corner_candidate,796.0,1641.0,2.9157730750739574e-05
473,checkerboard_corner_candidate,256.0,698.0,2.9136119337636046e-05
474,checkerboard_corner_candidate,1139.0,1373.0,2.913509524660185e-05
475,checkerboard_corner_candidate,819.0,1259.0,2.9130176699254662e-05
476,checkerboard_corner_candidate,1228.0,1675.0,2.913006755989045e-05
477,checkerboard_corner_candidate,1017.0,1404.0,2.910125294874888e-05
478,checkerboard_corner_candidate,1414.0,1463.0,2.907125963247381e-05
479,checkerboard_corner_candidate,1032.0,1444.0,2.906824192905333e-05
480,checkerboard_corner_candidate,885.0,1687.0,2.9043334507150576e-05
481,checkerboard_corner_candidate,840.0,1784.0,2.9017941415077075e-05
482,checkerboard_corner_candidate,1117.0,1491.0,2.9003280360484496e-05
483,checkerboard_corner_candidate,1415.0,1280.0,2.8986190955038182e-05
484,checkerboard_corner_candidate,1075.0,1396.0,2.89857380266767e-05
485,checkerboard_corner_candidate,908.0,1260.0,2.8983289666939527e-05
486,checkerboard_corner_candidate,1117.0,1592.0,2.8969647246412933e-05
487,checkerboard_corner_candidate,1353.0,1395.0,2.896261321438942e-05
488,checkerboard_corner_candidate,1017.0,1356.0,2.8952026696060784e-05
489,checkerboard_corner_candidate,373.0,590.0,2.8946124075446278e-05
490,checkerboard_corner_candidate,1374.0,1371.0,2.8935830414411612e-05
491,checkerboard_corner_candidate,1144.0,1772.0,2.8933478461112827e-05
492,checkerboard_corner_candidate,1270.0,1581.0,2.891472468036227e-05
493,checkerboard_corner_candidate,1290.0,1696.0,2.8911861591041088e-05
494,checkerboard_corner_candidate,834.0,1422.0,2.890574251068756e-05
495,checkerboard_corner_candidate,1038.0,1594.0,2.890070936700795e-05
496,checkerboard_corner_candidate,945.0,1548.0,2.8900692996103317e-05
497,checkerboard_corner_candidate,1165.0,1701.0,2.88982737401966e-05
498,checkerboard_corner_candidate,1054.0,1278.0,2.8862781618954614e-05
499,checkerboard_corner_candidate,818.0,1381.0,2.884881178033538e-05
500,checkerboard_corner_candidate,988.0,1493.0,2.8846818167949095e-05
501,checkerboard_corner_candidate,864.0,1259.0,2.8825581466662697e-05
502,checkerboard_corner_candidate,1102.0,1545.0,2.8823855245718732e-05
503,checkerboard_corner_candidate,1311.0,1580.0,2.8823087632190436e-05
504,checkerboard_corner_candidate,842.0,1235.0,2.8815176847274415e-05
505,checkerboard_corner_candidate,796.0,1405.0,2.8802514862036332e-05
506,checkerboard_corner_candidate,796.0,1690.0,2.8801941880374216e-05
507,checkerboard_corner_candidate,1032.0,1546.0,2.8793971068807878e-05
508,checkerboard_corner_candidate,1394.0,1302.0,2.87824914266821e-05
509,checkerboard_corner_candidate,1124.0,1497.0,2.877851147786714e-05
510,checkerboard_corner_candidate,796.0,1738.0,2.8758979169651866e-05
511,checkerboard_corner_candidate,1145.0,1497.0,2.8758489861502312e-05
512,checkerboard_corner_candidate,951.0,1804.0,2.8730917620123364e-05
513,checkerboard_corner_candidate,1119.0,1285.0,2.871324795705732e-05
514,checkerboard_corner_candidate,1145.0,1403.0,2.8698565074591897e-05
515,checkerboard_corner_candidate,1393.0,1532.0,2.869137460947968e-05
516,checkerboard_corner_candidate,1208.0,1653.0,2.8671858672169037e-05
517,checkerboard_corner_candidate,907.0,1429.0,2.866105569410138e-05
518,checkerboard_corner_candidate,1286.0,1401.0,2.863858208002057e-05
519,checkerboard_corner_candidate,841.0,1308.0,2.8637739887926728e-05
520,checkerboard_corner_candidate,1188.0,1285.0,2.862539804482367e-05
521,checkerboard_corner_candidate,901.0,1332.0,2.8598537028301507e-05
522,checkerboard_corner_candidate,1250.0,1332.0,2.8592645321623422e-05
523,checkerboard_corner_candidate,1394.0,1378.0,2.8579461286426522e-05
524,checkerboard_corner_candidate,842.0,1204.0,2.856821993191261e-05
525,checkerboard_corner_candidate,1210.0,1262.0,2.8564883905346505e-05
526,checkerboard_corner_candidate,812.0,1398.0,2.8500884582172148e-05
527,checkerboard_corner_candidate,1395.0,1256.0,2.8490077966125682e-05
528,checkerboard_corner_candidate,1165.0,1748.0,2.8485472284955904e-05
529,checkerboard_corner_candidate,1373.0,1556.0,2.8481352273956873e-05
530,checkerboard_corner_candidate,1373.0,1464.0,2.847389259841293e-05
531,checkerboard_corner_candidate,1161.0,1308.0,2.847135328920558e-05
532,checkerboard_corner_candidate,1147.0,1208.0,2.8468592063291e-05
533,checkerboard_corner_candidate,1230.0,1332.0,2.8460324756451882e-05
534,checkerboard_corner_candidate,1081.0,1640.0,2.8459971872507595e-05
535,checkerboard_corner_candidate,1060.0,1522.0,2.844585651473608e-05
536,checkerboard_corner_candidate,818.0,1502.0,2.8442351322155446e-05
537,checkerboard_corner_candidate,1032.0,1332.0,2.8420363378245384e-05
538,checkerboard_corner_candidate,1354.0,1309.0,2.8420363378245384e-05
539,checkerboard_corner_candidate,857.0,1301.0,2.8402111638570204e-05
540,checkerboard_corner_candidate,863.0,1807.0,2.8378761271596886e-05
541,checkerboard_corner_candidate,1270.0,1628.0,2.8352264052955434e-05
542,checkerboard_corner_candidate,907.0,1477.0,2.828275137289893e-05
543,checkerboard_corner_candidate,1081.0,1592.0,2.8270495022297837e-05
544,checkerboard_corner_candidate,1186.0,1723.0,2.82661148958141e-05
545,checkerboard_corner_candidate,1122.0,1521.0,2.825578485499136e-05
546,checkerboard_corner_candidate,975.0,1206.0,2.8251761250430718e-05
547,checkerboard_corner_candidate,1224.0,1285.0,2.8246953661437146e-05
548,checkerboard_corner_candidate,1139.0,1473.0,2.8226329959579743e-05
549,checkerboard_corner_candidate,1103.0,1261.0,2.821322050294839e-05
550,checkerboard_corner_candidate,1117.0,1444.0,2.8200322049087845e-05
551,checkerboard_corner_candidate,1010.0,1373.0,2.8196063794894144e-05
552,checkerboard_corner_candidate,988.0,1588.0,2.817518907249905e-05
553,checkerboard_corner_candidate,880.0,1277.0,2.8159558496554382e-05
554,checkerboard_corner_candidate,1082.0,1285.0,2.814126492012292e-05
555,checkerboard_corner_candidate,1251.0,1402.0,2.8136546461610124e-05
556,checkerboard_corner_candidate,900.0,1542.0,2.8132964871474542e-05
557,checkerboard_corner_candidate,856.0,1453.0,2.8130802093073726e-05
558,checkerboard_corner_candidate,923.0,1476.0,2.8119156922912225e-05
559,checkerboard_corner_candidate,1249.0,1744.0,2.8100857889512554e-05
560,checkerboard_corner_candidate,1096.0,1468.0,2.8089707484468818e-05
561,checkerboard_corner_candidate,862.0,1381.0,2.808193130476866e-05
562,checkerboard_corner_candidate,1118.0,1356.0,2.8081400159862824e-05
563,checkerboard_corner_candidate,1102.0,1592.0,2.8069331165170297e-05
564,checkerboard_corner_candidate,1435.0,1302.0,2.806675729516428e-05
565,checkerboard_corner_candidate,1144.0,1591.0,2.805766234814655e-05
566,checkerboard_corner_candidate,1265.0,1325.0,2.8037145966663957e-05
567,checkerboard_corner_candidate,1311.0,1626.0,2.8035796276526526e-05
568,checkerboard_corner_candidate,1102.0,1663.0,2.8031779947923496e-05
569,checkerboard_corner_candidate,1312.0,1425.0,2.8023488994222134e-05
570,checkerboard_corner_candidate,863.0,1284.0,2.8006305001326837e-05
571,checkerboard_corner_candidate,1252.0,1232.0,2.798255445668474e-05
572,checkerboard_corner_candidate,974.0,1236.0,2.7979447622783482e-05
573,checkerboard_corner_candidate,931.0,1205.0,2.7963114916929044e-05
574,checkerboard_corner_candidate,796.0,1429.0,2.7962854801444337e-05
575,checkerboard_corner_candidate,1075.0,1308.0,2.7945441615884192e-05
576,checkerboard_corner_candidate,1332.0,1603.0,2.794301326503046e-05
577,checkerboard_corner_candidate,886.0,1205.0,2.7941314328927547e-05
578,checkerboard_corner_candidate,1203.0,1308.0,2.7906766263186e-05
579,checkerboard_corner_candidate,1146.0,1309.0,2.7899446649826132e-05
580,checkerboard_corner_candidate,953.0,1181.0,2.7895503080799244e-05
581,checkerboard_corner_candidate,973.0,1523.0,2.7892972866538912e-05
582,checkerboard_corner_candidate,1167.0,1403.0,2.7890291676158085e-05
583,checkerboard_corner_candidate,1290.0,1650.0,2.7885376766789705e-05
584,checkerboard_corner_candidate,796.0,1332.0,2.7878759283339605e-05
585,checkerboard_corner_candidate,1031.0,1682.0,2.786517870845273e-05
586,checkerboard_corner_candidate,1039.0,1261.0,2.7863810828421265e-05
587,checkerboard_corner_candidate,1010.0,1618.0,2.7859568945132196e-05
588,checkerboard_corner_candidate,1326.0,1441.0,2.7848578611155972e-05
589,checkerboard_corner_candidate,972.0,1452.0,2.782248702715151e-05
590,checkerboard_corner_candidate,900.0,1590.0,2.7814385248348117e-05
591,checkerboard_corner_candidate,1434.0,1348.0,2.7802128897747025e-05
592,checkerboard_corner_candidate,812.0,1307.0,2.7777452487498522e-05
593,checkerboard_corner_candidate,1474.0,1394.0,2.7766302082454786e-05
594,checkerboard_corner_candidate,865.0,1180.0,2.775416760414373e-05
595,checkerboard_corner_candidate,1053.0,1475.0,2.7746878913603723e-05
596,checkerboard_corner_candidate,1186.0,1770.0,2.774346103251446e-05
597,checkerboard_corner_candidate,901.0,1308.0,2.7740466975956224e-05
598,checkerboard_corner_candidate,1474.0,1348.0,2.77387098321924e-05
599,checkerboard_corner_candidate,952.0,1236.0,2.772720472421497e-05
600,checkerboard_corner_candidate,901.0,1494.0,2.771687832137104e-05
601,checkerboard_corner_candidate,907.0,1805.0,2.7714915631804615e-05
602,checkerboard_corner_candidate,1188.0,1332.0,2.7714340831153095e-05
603,checkerboard_corner_candidate,1372.0,1601.0,2.768652484519407e-05
604,checkerboard_corner_candidate,1010.0,1380.0,2.7681417122948915e-05
605,checkerboard_corner_candidate,967.0,1277.0,2.7672071155393496e-05
606,checkerboard_corner_candidate,1104.0,1237.0,2.7668684197124094e-05
607,checkerboard_corner_candidate,1270.0,1674.0,2.7651160053210333e-05
608,checkerboard_corner_candidate,1010.0,1468.0,2.762521216936875e-05
609,checkerboard_corner_candidate,1372.0,1693.0,2.761267387541011e-05
610,checkerboard_corner_candidate,1292.0,1355.0,2.7611482437350787e-05
611,checkerboard_corner_candidate,1454.0,1325.0,2.7598513042903505e-05
612,checkerboard_corner_candidate,1082.0,1380.0,2.759648850769736e-05
613,checkerboard_corner_candidate,994.0,1595.0,2.7593003324000165e-05
614,checkerboard_corner_candidate,1167.0,1332.0,2.758707523753401e-05
615,checkerboard_corner_candidate,922.0,1518.0,2.7585938369156793e-05
616,checkerboard_corner_candidate,1140.0,1278.0,2.7584652343648486e-05
617,checkerboard_corner_candidate,1251.0,1355.0,2.7584119379753247e-05
618,checkerboard_corner_candidate,994.0,1802.0,2.7582836992223747e-05
619,checkerboard_corner_candidate,1271.0,1425.0,2.7580703317653388e-05
620,checkerboard_corner_candidate,967.0,1284.0,2.756161666184198e-05
621,checkerboard_corner_candidate,1038.0,1570.0,2.75509555649478e-05
622,checkerboard_corner_candidate,1123.0,1615.0,2.7531670639291406e-05
623,checkerboard_corner_candidate,907.0,1501.0,2.7522348318598233e-05
624,checkerboard_corner_candidate,1053.0,1373.0,2.7502394004841335e-05
625,checkerboard_corner_candidate,906.0,1621.0,2.7493089874042198e-05
626,checkerboard_corner_candidate,1118.0,1427.0,2.7480864446260966e-05
627,checkerboard_corner_candidate,994.0,1666.0,2.7478286938276142e-05
628,checkerboard_corner_candidate,1053.0,1563.0,2.7477535695652477e-05
629,checkerboard_corner_candidate,1209.0,1402.0,2.7471418434288353e-05
630,checkerboard_corner_candidate,840.0,1405.0,2.7462512662168592e-05
631,checkerboard_corner_candidate,1053.0,1610.0,2.7455938834464177e-05
632,checkerboard_corner_candidate,1138.0,1608.0,2.745522760960739e-05
633,checkerboard_corner_candidate,1306.0,1471.0,2.7442054488346912e-05
634,checkerboard_corner_candidate,1096.0,1616.0,2.744149969657883e-05
635,checkerboard_corner_candidate,930.0,1236.0,2.7414625947130844e-05
636,checkerboard_corner_candidate,929.0,1524.0,2.7391315597924404e-05
637,checkerboard_corner_candidate,1117.0,1639.0,2.7388319722376764e-05
638,checkerboard_corner_candidate,1352.0,1625.0,2.738047987804748e-05
639,checkerboard_corner_candidate,1230.0,1426.0,2.738027978921309e-05
640,checkerboard_corner_candidate,994.0,1571.0,2.737954491749406e-05
641,checkerboard_corner_candidate,944.0,1637.0,2.7371033866074868e-05
642,checkerboard_corner_candidate,1375.0,1279.0,2.737004069786053e-05
643,checkerboard_corner_candidate,1095.0,1657.0,2.7368243536329828e-05
644,checkerboard_corner_candidate,1053.0,1427.0,2.735907764872536e-05
645,checkerboard_corner_candidate,1016.0,1452.0,2.7355246857041493e-05
646,checkerboard_corner_candidate,1032.0,1396.0,2.7350575692253187e-05
647,checkerboard_corner_candidate,796.0,1478.0,2.7347761715645902e-05
648,checkerboard_corner_candidate,835.0,1325.0,2.734604277065955e-05
649,checkerboard_corner_candidate,923.0,1373.0,2.734096415224485e-05
650,checkerboard_corner_candidate,1249.0,1651.0,2.7335627237334847e-05
651,checkerboard_corner_candidate,1032.0,1427.0,2.7331048841006123e-05
652,checkerboard_corner_candidate,1118.0,1379.0,2.732849316089414e-05
653,checkerboard_corner_candidate,1138.0,1568.0,2.731543281697668e-05
654,checkerboard_corner_candidate,1249.0,1698.0,2.7305486582918093e-05
655,checkerboard_corner_candidate,1138.0,1661.0,2.729465632000938e-05
656,checkerboard_corner_candidate,950.0,1524.0,2.7285295800538734e-05
657,checkerboard_corner_candidate,818.0,1599.0,2.7280129870632663e-05
658,checkerboard_corner_candidate,989.0,1284.0,2.7274239982943982e-05
659,checkerboard_corner_candidate,1265.0,1332.0,2.727335231611505e-05
660,checkerboard_corner_candidate,1474.0,1303.0,2.7272686565993354e-05
661,checkerboard_corner_candidate,856.0,1446.0,2.7258145564701408e-05
662,checkerboard_corner_candidate,862.0,1598.0,2.725545346038416e-05
663,checkerboard_corner_candidate,1145.0,1356.0,2.7254209271632135e-05
664,checkerboard_corner_candidate,840.0,1574.0,2.7251377105130814e-05
665,checkerboard_corner_candidate,1011.0,1277.0,2.7247690013609827e-05
666,checkerboard_corner_candidate,1097.0,1308.0,2.7242902433499694e-05
667,checkerboard_corner_candidate,856.0,1405.0,2.7240472263656557e-05
668,checkerboard_corner_candidate,834.0,1471.0,2.723390753089916e-05
669,checkerboard_corner_candidate,1081.0,1545.0,2.7219732146477327e-05
670,checkerboard_corner_candidate,1251.0,1309.0,2.7217052775085904e-05
671,checkerboard_corner_candidate,1011.0,1308.0,2.720379598031286e-05
672,checkerboard_corner_candidate,1160.0,1449.0,2.7187812520423904e-05
673,checkerboard_corner_candidate,1354.0,1332.0,2.717678580665961e-05
674,checkerboard_corner_candidate,1186.0,1677.0,2.7171618057764135e-05
675,checkerboard_corner_candidate,945.0,1428.0,2.716786002565641e-05
676,checkerboard_corner_candidate,1474.0,1439.0,2.7165617211721838e-05
677,checkerboard_corner_candidate,1146.0,1426.0,2.7144733394379728e-05
678,checkerboard_corner_candidate,834.0,1332.0,2.7143161787535064e-05
679,checkerboard_corner_candidate,988.0,1636.0,2.714260517677758e-05
