layer_z,score_percent,primary_cause,machine_x_mm,machine_y_mm,raw_image_x_px,raw_image_y_px
tensor(203),94.6054458618164,조사(B),1.2893872150556362,7.514688434622724,1287.109375,1310.546875
tensor(203),90.89556336402893,조사(B),-4.792962435541896,12.068632410634278,1369.140625,1386.71875
tensor(205),90.64945578575134,도포(A),-4.802791510644206,12.429536963230813,1369.140625,1392.578125
tensor(206),93.40142607688904,도포(A),4.739345517399503,4.7314440077143445,1240.234375,1263.671875
tensor(206),97.30783700942993,조사(B),1.3050381287620603,6.800385512543508,1287.109375,1298.828125
tensor(206),93.92868876457214,도포(A),0.8246225271668,9.29625865658212,1292.96875,1339.84375
tensor(206),94.4085955619812,조사(B),-4.374995787274089,12.437470123209419,1363.28125,1392.578125
tensor(206),97.21837639808655,조사(B),-3.5951724559148857,15.348204033390342,1351.5625,1439.453125
tensor(208),93.32709312438965,조사(B),4.739345517399503,4.7314440077143445,1240.234375,1263.671875
tensor(208),92.2092080116272,조사(B),-4.452747190003442,15.332829658530587,1363.28125,1439.453125
tensor(210),94.69695091247559,도포(A),6.56596063270337,-2.994606876116232,1216.796875,1134.765625
tensor(210),95.36646604537964,조사(B),5.14928446365955,5.451045866660907,1234.375,1275.390625
tensor(210),96.42120003700256,조사(B),0.45577298396476784,6.783597286533254,1298.828125,1298.828125
tensor(210),95.36422491073608,조사(B),2.101040468420726,9.3208094328084,1275.390625,1339.84375
tensor(210),95.7663357257843,조사(B),-1.3042846984436536,9.255310998911982,1322.265625,1339.84375
tensor(210),93.9171850681305,조사(B),-4.773323207569435,11.347518093064592,1369.140625,1375.0
tensor(210),96.61937355995178,조사(B),-4.452747190003442,15.332829658530587,1363.28125,1439.453125
tensor(211),91.21116399765015,조사(B),-4.792962435541896,12.068632410634278,1369.140625,1386.71875
tensor(212),91.04635715484619,조사(B),-4.871772212338038,14.9623743892826,1369.140625,1433.59375
tensor(214),90.71747064590454,조사(B),8.436913541407344,-15.079951327774204,1193.359375,929.6875
tensor(214),94.64728832244873,도포(A),10.5012699180379,-14.343934287500838,1164.0625,941.40625
tensor(214),98.49416017532349,도포(A),3.6250107165705825,-3.0589540490332543,1257.8125,1134.765625
tensor(214),95.39120197296143,조사(B),6.559878033814175,-2.6442086096619413,1216.796875,1140.625
tensor(214),90.36893844604492,조사(B),5.66239261063754,0.501567849081953,1228.515625,1193.359375
tensor(214),92.08524823188782,조사(B),1.8214152813363442,2.5423867646425866,1281.25,1228.515625
tensor(214),97.36747145652771,조사(B),3.8859558227972006,5.0698241495188014,1251.953125,1269.53125
tensor(214),99.11338686943054,도포(A),0.45577298396476784,6.783597286533254,1298.828125,1298.828125
tensor(214),97.45818376541138,조사(B),1.683361243460623,8.954248343296983,1281.25,1333.984375
tensor(214),96.53523564338684,도포(A),-1.7479379467042793,9.9650422036621,1328.125,1351.5625
tensor(214),98.31165075302124,도포(A),-4.355620318198516,11.715953248014495,1363.28125,1380.859375
tensor(214),94.27501559257507,조사(B),1.567096624919121,14.354109528481759,1281.25,1421.875
tensor(214),96.87095284461975,조사(B),-2.318449825273845,15.734070814052032,1333.984375,1445.3125
tensor(214),96.25407457351685,조사(B),-4.033528797310563,15.703455884318888,1357.421875,1445.3125
tensor(215),93.92789006233215,도포(A),1.2972151699445098,7.157422963998023,1287.109375,1304.6875
tensor(215),92.77109503746033,조사(B),-4.802791510644206,12.429536963230813,1369.140625,1392.578125
tensor(216),93.4639573097229,도포(A),8.658965233486548,-2.598438129997778,1187.5,1140.625
tensor(216),90.43012857437134,도포(A),-0.7255062000501336,2.8443611630116536,1316.40625,1234.375
tensor(216),93.95388960838318,조사(B),5.162435967945173,4.740000429428423,1234.375,1263.671875
tensor(216),97.3160982131958,도포(A),-0.37707904378115964,6.053174601262386,1310.546875,1287.109375
tensor(216),91.20116829872131,조사(B),-1.730297931210834,9.24711700914652,1328.125,1339.84375
tensor(216),96.74953818321228,조사(B),-4.8126269012627025,12.790673409318321,1369.140625,1398.4375
tensor(216),97.59169220924377,조사(B),-3.1758327572166434,15.718766143746002,1345.703125,1445.3125
tensor(218),96.24596834182739,조사(B),3.6250107165705825,-3.0589540490332543,1257.8125,1134.765625
tensor(218),93.98137927055359,조사(B),4.732636562253954,5.086882901001837,1240.234375,1269.53125
tensor(218),97.97022938728333,조사(B),0.880443976414586,6.791992159023818,1292.96875,1298.828125
tensor(218),95.62157392501831,조사(B),-0.4524900836276896,9.271694518998332,1310.546875,1339.84375
tensor(218),95.64297199249268,조사(B),-4.365304942667873,12.076595870771765,1363.28125,1386.71875
tensor(218),90.52264094352722,조사(B),-4.452747190003442,15.332829658530587,1363.28125,1439.453125
tensor(222),91.13143682479858,조사(B),3.617994226695483,-2.7083562224857833,1257.8125,1140.625
tensor(222),95.50663232803345,조사(B),-0.8017080327929985,6.044715979123204,1316.40625,1287.109375
tensor(222),96.8595564365387,조사(B),1.683361243460623,8.954248343296983,1281.25,1333.984375
tensor(222),96.85853719711304,조사(B),2.101040468420726,9.3208094328084,1275.390625,1339.84375
tensor(224),97.43334650993347,조사(B),0.03925176002392539,6.418302443358541,1304.6875,1292.96875
tensor(224),90.05982279777527,조사(B),-4.861898800482026,14.59984187717895,1369.140625,1427.734375
tensor(226),95.26942372322083,도포(A),3.9763465526827586,0.46594202941977764,1251.953125,1193.359375
tensor(226),93.91012191772461,조사(B),0.872484758711953,7.149059245386399,1292.96875,1304.6875
tensor(226),95.8192765712738,조사(B),0.8246225271668,9.29625865658212,1292.96875,1339.84375
tensor(226),90.91327786445618,조사(B),-2.7471021634431896,15.72641917734786,1339.84375,1445.3125
tensor(228),95.46807408332825,도포(A),6.985795300940633,-2.98542100938473,1210.9375,1134.765625
tensor(228),93.45910549163818,도포(A),1.2972151699445098,7.157422963998023,1287.109375,1304.6875
tensor(229),90.74751734733582,조사(B),-1.6424354983517269,5.671232723530733,1328.125,1281.25
tensor(229),93.33377480506897,조사(B),1.729555461860543,6.808777347504586,1281.25,1298.828125
tensor(230),95.73220014572144,조사(B),3.9763465526827586,0.46594202941977764,1251.953125,1193.359375
tensor(230),91.12915396690369,조사(B),4.309334407019677,5.078354295198189,1246.09375,1269.53125
tensor(230),93.89065504074097,조사(B),1.3050381287620603,6.800385512543508,1287.109375,1298.828125
tensor(230),96.07999324798584,도포(A),-0.3937996046928706,6.766802982989918,1310.546875,1298.828125
tensor(230),91.48170351982117,조사(B),1.683361243460623,8.954248343296983,1281.25,1333.984375
tensor(232),91.53031706809998,도포(A),8.233744700019576,-2.2570832071603837,1193.359375,1146.484375
tensor(232),93.24849843978882,도포(A),0.880443976414586,6.791992159023818,1292.96875,1298.828125
tensor(233),90.75628519058228,도포(A),2.7767776324713567,-2.726698903545013,1269.53125,1140.625
tensor(233),95.85843682289124,도포(A),8.233744700019576,-2.2570832071603837,1193.359375,1146.484375
tensor(233),91.47064089775085,조사(B),0.880443976414586,6.791992159023818,1292.96875,1298.828125
tensor(234),92.59976148605347,도포(A),7.428782879710719,-4.37539132535577,1205.078125,1111.328125
tensor(234),92.88967251777649,조사(B),3.6320227713299267,-3.409330263069092,1257.8125,1128.90625
tensor(234),98.1145977973938,도포(A),4.826174909306429,0.1312428892600373,1240.234375,1187.5
tensor(234),98.7330436706543,조사(B),1.3907622981990109,2.887960597917311,1287.109375,1234.375
tensor(234),95.4383373260498,조사(B),3.4696159257301,4.705765475298539,1257.8125,1263.671875
tensor(234),97.9618787765503,조사(B),-0.7932195580015766,5.688213645749617,1316.40625,1281.25
tensor(234),96.45283222198486,도포(A),1.2972151699445098,7.157422963998023,1287.109375,1304.6875
tensor(234),97.27325439453125,조사(B),2.5263588424503793,9.328990057577318,1269.53125,1339.84375
tensor(234),96.32106423377991,도포(A),-3.0088015834485384,9.22252611610428,1345.703125,1339.84375
tensor(234),95.32380104064941,도포(A),2.83405968340156,15.101117714475116,1263.671875,1433.59375
tensor(234),95.62116861343384,도포(A),0.6960871470140392,15.062623568368366,1292.96875,1433.59375
tensor(234),96.68357372283936,조사(B),-4.014318763596748,14.977812818810502,1357.421875,1433.59375
tensor(236),90.72881937026978,도포(A),0.45577298396476784,6.783597286533254,1298.828125,1298.828125
tensor(237),92.93391108512878,도포(A),8.648121031765244,-1.8972620931290516,1187.5,1152.34375
tensor(237),93.41468811035156,도포(A),4.302485746797831,5.434048988341532,1246.09375,1275.390625
tensor(237),96.67414426803589,조사(B),-0.368726762292018,5.6967018038304165,1310.546875,1281.25
tensor(237),93.24433207511902,조사(B),1.1079542475562763,15.79523366523113,1287.109375,1445.3125
tensor(238),90.846186876297,조사(B),4.925477705475912,-5.129796304636185,1240.234375,1099.609375
tensor(238),97.38429188728333,조사(B),4.05225091943501,-3.400104382315308,1251.953125,1128.90625
tensor(238),95.19826173782349,도포(A),5.240994753383864,0.4926637957212971,1234.375,1193.359375
tensor(238),97.89950251579285,조사(B),-0.37707904378115964,6.053174601262386,1310.546875,1287.109375
tensor(238),95.43682932853699,도포(A),5.5532169822808495,6.527721630822988,1228.515625,1292.96875
tensor(238),99.14690852165222,조사(B),0.8246225271668,9.29625865658212,1292.96875,1339.84375
tensor(238),93.5404896736145,조사(B),-2.719545551492435,14.638580265821506,1339.84375,1427.734375
tensor(239),90.91920852661133,도포(A),5.970508316490351,6.8926122669741305,1222.65625,1298.828125
tensor(240),90.46342968940735,도포(A),4.719205827860531,5.798440105554583,1240.234375,1281.25
tensor(240),93.87956857681274,조사(B),0.46386334362230774,6.426728440366614,1298.828125,1292.96875
tensor(240),90.37058353424072,도포(A),2.570945276521818,7.182505039396543,1269.53125,1304.6875
tensor(242),94.34158205986023,조사(B),4.732636562253954,5.086882901001837,1240.234375,1269.53125
tensor(242),91.12355709075928,도포(A),1.714177054997274,7.523020969963492,1281.25,1310.546875
tensor(244),94.94266510009766,도포(A),4.725923333769038,5.442548194821516,1240.234375,1275.390625
tensor(244),94.88114714622498,도포(A),0.45577298396476784,6.783597286533254,1298.828125,1298.828125
tensor(246),95.10632753372192,조사(B),7.145019553052093,-12.36243122167316,1210.9375,976.5625
tensor(246),96.79182767868042,도포(A),4.932064487309327,-5.478762484078952,1240.234375,1093.75
tensor(246),98.30814003944397,조사(B),3.204573737344932,-3.0681530941630375,1263.671875,1134.765625
tensor(246),98.47954511642456,조사(B),7.819555989003551,-2.6167414018963964,1199.21875,1140.625
tensor(246),96.49308323860168,조사(B),0.9676612438436205,2.8792438557396878,1292.96875,1234.375
tensor(246),95.3827977180481,조사(B),3.8999107687949204,4.359055175231934,1251.953125,1257.8125
tensor(246),93.31458806991577,도포(A),5.129525766322596,6.5193138976006475,1234.375,1292.96875
tensor(246),99.16192293167114,조사(B),0.45577298396476784,6.783597286533254,1298.828125,1298.828125
tensor(246),93.54903101921082,조사(B),-1.0243255185459401,15.394293502857032,1316.40625,1439.453125
tensor(246),96.8353807926178,조사(B),-4.0239206882875,15.3405175475566,1357.421875,1439.453125
tensor(247),95.65361738204956,도포(A),10.056836066584365,-12.292893726520832,1169.921875,976.5625
tensor(247),93.87194514274597,도포(A),8.658965233486548,-2.598438129997778,1187.5,1140.625
tensor(247),93.87294054031372,도포(A),8.233744700019576,-2.2570832071603837,1193.359375,1146.484375
tensor(247),95.01549005508423,조사(B),6.4003697483587425,6.5445325397761875,1216.796875,1292.96875
tensor(247),95.61800956726074,도포(A),0.44767745817671933,7.140694012683762,1298.828125,1304.6875
tensor(247),96.50967121124268,조사(B),-3.5857093781523055,14.985529920889784,1351.5625,1433.59375
tensor(247),93.88304948806763,도포(A),1.9714417931299781,15.448000833322263,1275.390625,1439.453125
tensor(248),90.66092371940613,조사(B),5.240994753383864,0.4926637957212971,1234.375,1193.359375
tensor(248),91.59972071647644,도포(A),5.970508316490351,6.8926122669741305,1222.65625,1298.828125
tensor(248),94.01848912239075,조사(B),1.7218687127477554,7.1657851689297,1281.25,1304.6875
tensor(249),92.95076727867126,도포(A),0.8645204574571242,7.506354390490955,1292.96875,1310.546875
tensor(250),94.37527656555176,조사(B),-0.37707904378115964,6.053174601262386,1310.546875,1287.109375
tensor(250),96.38224840164185,조사(B),2.101040468420726,9.3208094328084,1275.390625,1339.84375
tensor(250),91.10071659088135,조사(B),-1.730297931210834,9.24711700914652,1328.125,1339.84375
tensor(250),93.35078597068787,조사(B),-3.16650247145896,15.355889116415979,1345.703125,1439.453125
