layer_z,score_percent,machine_x_mm,machine_y_mm,raw_image_x_px,raw_image_y_px
tensor(203),76.55771970748901,5.254029806828797,-0.21208564394792478,1234.375,1181.640625
tensor(203),75.69629549980164,-0.2937952821275169,2.498649345388149,1310.546875,1228.515625
tensor(203),94.6054458618164,1.2893872150556362,7.514688434622724,1287.109375,1310.546875
tensor(203),90.89556336402893,-4.792962435541896,12.068632410634278,1369.140625,1386.71875
tensor(204),83.79129767417908,-4.802791510644206,12.429536963230813,1369.140625,1392.578125
tensor(204),79.7065258026123,-5.2906039980757456,14.5920899583181,1375.0,1427.734375
tensor(205),81.32627606391907,9.882299392241038,-0.11359530318676511,1169.921875,1181.640625
tensor(205),86.92712783813477,1.3050381287620603,6.800385512543508,1287.109375,1298.828125
tensor(205),79.68587875366211,6.805663151931962,7.622893857331841,1210.9375,1310.546875
tensor(205),90.64945578575134,-4.802791510644206,12.429536963230813,1369.140625,1392.578125
tensor(206),72.20209240913391,10.506052003722916,-14.686677840798323,1164.0625,935.546875
tensor(206),93.40142607688904,4.739345517399503,4.7314440077143445,1240.234375,1263.671875
tensor(206),97.30783700942993,1.3050381287620603,6.800385512543508,1287.109375,1298.828125
tensor(206),93.92868876457214,0.8246225271668,9.29625865658212,1292.96875,1339.84375
tensor(206),94.4085955619812,-4.374995787274089,12.437470123209419,1363.28125,1392.578125
tensor(206),97.21837639808655,-3.5951724559148857,15.348204033390342,1351.5625,1439.453125
tensor(207),85.02414226531982,-4.802791510644206,12.429536963230813,1369.140625,1392.578125
tensor(208),93.32709312438965,4.739345517399503,4.7314440077143445,1240.234375,1263.671875
tensor(208),89.41146731376648,-0.8017080327929985,6.044715979123204,1316.40625,1287.109375
tensor(208),83.96618366241455,-0.026708659522402926,9.279884050128107,1304.6875,1339.84375
tensor(208),79.2625367641449,-4.365304942667873,12.076595870771765,1363.28125,1386.71875
tensor(208),92.2092080116272,-4.452747190003442,15.332829658530587,1363.28125,1439.453125
tensor(209),71.23364806175232,-4.365304942667873,12.076595870771765,1363.28125,1386.71875
tensor(210),87.68917918205261,9.676445389684547,-14.70691570592544,1175.78125,935.546875
tensor(210),89.14375305175781,7.555496742125644,-12.00805226213758,1205.078125,982.421875
tensor(210),70.96352577209473,6.614483402781098,-5.789842075497217,1216.796875,1087.890625
tensor(210),94.69695091247559,6.56596063270337,-2.994606876116232,1216.796875,1134.765625
tensor(210),87.39341497421265,2.7840613781212453,-3.0773537885863917,1269.53125,1134.765625
tensor(210),71.21216058731079,5.24751434575531,0.14017739510475946,1234.375,1187.5
tensor(210),85.66136956214905,0.9834534087180742,2.1707744420654924,1292.96875,1222.65625
tensor(210),95.36646604537964,5.14928446365955,5.451045866660907,1234.375,1275.390625
tensor(210),96.42120003700256,0.45577298396476784,6.783597286533254,1298.828125,1298.828125
tensor(210),95.36422491073608,2.101040468420726,9.3208094328084,1275.390625,1339.84375
tensor(210),95.7663357257843,-1.3042846984436536,9.255310998911982,1322.265625,1339.84375
tensor(210),93.9171850681305,-4.773323207569435,11.347518093064592,1369.140625,1375.0
tensor(210),74.8779296875,1.1238375365884647,15.07032520424686,1287.109375,1433.59375
tensor(210),96.61937355995178,-4.452747190003442,15.332829658530587,1363.28125,1439.453125
tensor(211),75.06333589553833,5.566122541634234,5.815375052438113,1228.515625,1281.25
tensor(211),91.21116399765015,-4.792962435541896,12.068632410634278,1369.140625,1386.71875
tensor(212),76.51950120925903,3.610973297495491,-2.3575365731057074,1257.8125,1146.484375
tensor(212),75.21572709083557,3.9832688255064355,0.11336905956175797,1251.953125,1187.5
tensor(212),87.75087594985962,3.8789716820323425,5.425548246805164,1251.953125,1275.390625
tensor(212),87.06172704696655,0.45577298396476784,6.783597286533254,1298.828125,1298.828125
tensor(212),82.15581178665161,2.1161947949794304,8.604340231539243,1275.390625,1328.125
tensor(212),78.3123254776001,-5.220697787246569,12.060667500678424,1375.0,1386.71875
tensor(212),83.19582343101501,1.5515099637059282,15.078025436413133,1281.25,1433.59375
tensor(212),91.04635715484619,-4.871772212338038,14.9623743892826,1369.140625,1433.59375
tensor(213),85.3503406047821,2.138889998167814,7.531351996922933,1275.390625,1310.546875
tensor(213),74.92510676383972,1.488962390402211,17.98302110532066,1281.25,1480.46875
tensor(214),90.71747064590454,8.436913541407344,-15.079951327774204,1193.359375,929.6875
tensor(214),94.64728832244873,10.5012699180379,-14.343934287500838,1164.0625,941.40625
tensor(214),79.96819019317627,14.621745376408047,-11.839821741412269,1105.46875,982.421875
tensor(214),89.56416845321655,7.971749125407849,-11.99814228602197,1199.21875,982.421875
tensor(214),76.58465504646301,3.6740021974977264,-5.5069454290751665,1257.8125,1093.75
tensor(214),85.97947359085083,9.528931359260069,-4.678022936549549,1175.78125,1105.46875
tensor(214),98.49416017532349,3.6250107165705825,-3.0589540490332543,1257.8125,1134.765625
tensor(214),95.39120197296143,6.559878033814175,-2.6442086096619413,1216.796875,1140.625
tensor(214),90.36893844604492,5.66239261063754,0.501567849081953,1228.515625,1193.359375
tensor(214),92.08524823188782,1.8214152813363442,2.5423867646425866,1281.25,1228.515625
tensor(214),76.41720771789551,-0.3104096307707326,3.207744620260829,1310.546875,1240.234375
tensor(214),97.36747145652771,3.8859558227972006,5.0698241495188014,1251.953125,1269.53125
tensor(214),99.11338686943054,0.45577298396476784,6.783597286533254,1298.828125,1298.828125
tensor(214),97.45818376541138,1.683361243460623,8.954248343296983,1281.25,1333.984375
tensor(214),96.53523564338684,-1.7479379467042793,9.9650422036621,1328.125,1351.5625
tensor(214),98.31165075302124,-4.355620318198516,11.715953248014495,1363.28125,1380.859375
tensor(214),94.27501559257507,1.567096624919121,14.354109528481759,1281.25,1421.875
tensor(214),96.87095284461975,-2.318449825273845,15.734070814052032,1333.984375,1445.3125
tensor(214),96.25407457351685,-4.033528797310563,15.703455884318888,1357.421875,1445.3125
tensor(214),78.75258326530457,1.0601815178570888,17.97556645984987,1287.109375,1480.46875
tensor(215),86.9779646396637,-0.7339515139969728,3.199050810103859,1316.40625,1240.234375
tensor(215),89.79697227478027,-0.7932195580015766,5.688213645749617,1316.40625,1281.25
tensor(215),80.62788248062134,6.811723076490904,7.266013710486236,1210.9375,1304.6875
tensor(215),93.92789006233215,1.2972151699445098,7.157422963998023,1287.109375,1304.6875
tensor(215),92.77109503746033,-4.802791510644206,12.429536963230813,1369.140625,1392.578125
tensor(215),70.31711339950562,2.3915671463588155,15.818146731825808,1269.53125,1445.3125
tensor(216),93.4639573097229,8.658965233486548,-2.598438129997778,1187.5,1140.625
tensor(216),89.20502066612244,3.1974236434847083,-2.717526740665874,1263.671875,1140.625
tensor(216),90.43012857437134,-0.7255062000501336,2.8443611630116536,1316.40625,1234.375
tensor(216),93.95388960838318,5.162435967945173,4.740000429428423,1234.375,1263.671875
tensor(216),97.3160982131958,-0.37707904378115964,6.053174601262386,1310.546875,1287.109375
tensor(216),91.20116829872131,-1.730297931210834,9.24711700914652,1328.125,1339.84375
tensor(216),96.74953818321228,-4.8126269012627025,12.790673409318321,1369.140625,1398.4375
tensor(216),89.09829258918762,1.5437091152421958,15.440332554082891,1281.25,1439.453125
tensor(216),97.59169220924377,-3.1758327572166434,15.718766143746002,1345.703125,1445.3125
tensor(217),84.26622748374939,9.892377027083985,-0.8168201275137522,1169.921875,1169.921875
tensor(217),71.65719866752625,6.805663151931962,7.622893857331841,1210.9375,1310.546875
tensor(217),80.43093681335449,-5.230665143026861,12.421602358486354,1375.0,1392.578125
tensor(218),96.24596834182739,3.6250107165705825,-3.0589540490332543,1257.8125,1134.765625
tensor(218),72.87357449531555,5.24751434575531,0.14017739510475946,1234.375,1187.5
tensor(218),93.98137927055359,4.732636562253954,5.086882901001837,1240.234375,1269.53125
tensor(218),97.97022938728333,0.880443976414586,6.791992159023818,1292.96875,1298.828125
tensor(218),95.62157392501831,-0.4524900836276896,9.271694518998332,1310.546875,1339.84375
tensor(218),95.64297199249268,-4.365304942667873,12.076595870771765,1363.28125,1386.71875
tensor(218),73.14413189888,-0.1596476047942089,15.047216083939023,1304.6875,1433.59375
tensor(218),90.52264094352722,-4.452747190003442,15.332829658530587,1363.28125,1439.453125
tensor(219),83.33399295806885,-5.220697787246569,12.060667500678424,1375.0,1386.71875
tensor(219),70.82335352897644,-4.881651982497109,15.32514036592805,1369.140625,1439.453125
tensor(220),82.71138072013855,3.1974236434847083,-2.717526740665874,1263.671875,1140.625
tensor(220),78.9067029953003,3.0317140362269,5.408542156899543,1263.671875,1275.390625
tensor(220),85.10436415672302,-0.8017080327929985,6.044715979123204,1316.40625,1287.109375
tensor(220),80.69366812705994,1.2972151699445098,7.157422963998023,1287.109375,1304.6875
tensor(220),78.65694761276245,1.2658733260545654,8.58785514795233,1287.109375,1328.125
tensor(220),81.76394701004028,-1.3216502845317617,9.973176267671224,1322.265625,1351.5625
tensor(220),77.15290188789368,-4.802791510644206,12.429536963230813,1369.140625,1392.578125
tensor(220),76.10023617744446,0.31744239329275303,12.88541233212873,1298.828125,1398.4375
tensor(220),71.68125510215759,-4.452747190003442,15.332829658530587,1363.28125,1439.453125
tensor(221),74.10909533500671,13.799045741724159,-12.547428072276904,1117.1875,970.703125
tensor(221),83.79377126693726,-5.65861670570683,12.413666308581298,1380.859375,1392.578125
tensor(222),79.34751510620117,10.09128543076379,-14.696795877251681,1169.921875,935.546875
tensor(222),72.28326201438904,7.422981350627589,-4.025933866144054,1205.078125,1117.1875
tensor(222),91.13143682479858,3.617994226695483,-2.7083562224857833,1257.8125,1140.625
tensor(222),84.15500521659851,4.739345517399503,4.7314440077143445,1240.234375,1263.671875
tensor(222),95.50663232803345,-0.8017080327929985,6.044715979123204,1316.40625,1287.109375
tensor(222),96.8595564365387,1.683361243460623,8.954248343296983,1281.25,1333.984375
tensor(222),96.85853719711304,2.101040468420726,9.3208094328084,1275.390625,1339.84375
tensor(222),88.21297287940979,-0.8783487562599507,9.26350350206108,1316.40625,1339.84375
tensor(222),82.04524517059326,-5.7092426808545085,14.221976247489211,1380.859375,1421.875
tensor(222),89.24665451049805,-2.318449825273845,15.734070814052032,1333.984375,1445.3125
tensor(223),76.92924737930298,5.142702427341272,5.806908343695268,1234.375,1281.25
tensor(223),89.99418616294861,1.2972151699445098,7.157422963998023,1287.109375,1304.6875
tensor(223),83.27522873878479,2.1086200539033384,8.962460314776527,1275.390625,1333.984375
tensor(223),74.6966004371643,-5.648511019046127,12.052701140508209,1380.859375,1386.71875
tensor(223),79.25584316253662,1.5515099637059282,15.078025436413133,1281.25,1433.59375
tensor(224),72.83538579940796,3.617994226695483,-2.7083562224857833,1257.8125,1140.625
tensor(224),88.94868493080139,4.7460502032847245,4.376231298853221,1240.234375,1257.8125
tensor(224),97.43334650993347,0.03925176002392539,6.418302443358541,1304.6875,1292.96875
tensor(224),84.34542417526245,-1.730297931210834,9.24711700914652,1328.125,1339.84375
tensor(224),90.05982279777527,-4.861898800482026,14.59984187717895,1369.140625,1427.734375
tensor(225),82.89785385131836,1.2972151699445098,7.157422963998023,1287.109375,1304.6875
tensor(226),76.09392404556274,3.1974236434847083,-2.717526740665874,1263.671875,1140.625
tensor(226),95.26942372322083,3.9763465526827586,0.46594202941977764,1251.953125,1193.359375
tensor(226),76.06366276741028,3.9068815825126966,4.004009866067432,1251.953125,1251.953125
tensor(226),93.91012191772461,0.872484758711953,7.149059245386399,1292.96875,1304.6875
tensor(226),95.8192765712738,0.8246225271668,9.29625865658212,1292.96875,1339.84375
tensor(226),73.86935353279114,-5.7092426808545085,14.221976247489211,1380.859375,1421.875
tensor(226),90.91327786445618,-2.7471021634431896,15.72641917734786,1339.84375,1445.3125
tensor(227),87.33723759651184,7.388095130910898,-1.924548260900382,1205.078125,1152.34375
tensor(227),71.01162672042847,1.7218687127477554,7.1657851689297,1281.25,1304.6875
tensor(227),71.06370329856873,2.1086200539033384,8.962460314776527,1275.390625,1333.984375
tensor(228),95.46807408332825,6.985795300940633,-2.98542100938473,1210.9375,1134.765625
tensor(228),85.89690923690796,3.204573737344932,-3.0681530941630375,1263.671875,1134.765625
tensor(228),74.3246853351593,10.31240899284409,-0.8078187003671604,1164.0625,1169.921875
tensor(228),86.6823136806488,-1.217789129744467,5.67972395245523,1322.265625,1281.25
tensor(228),93.45910549163818,1.2972151699445098,7.157422963998023,1287.109375,1304.6875
tensor(228),70.11115550994873,2.3915671463588155,15.818146731825808,1269.53125,1445.3125
tensor(228),87.1389389038086,-3.604641628025936,15.711111712863909,1351.5625,1445.3125
tensor(229),90.74751734733582,-1.6424354983517269,5.671232723530733,1328.125,1281.25
tensor(229),93.33377480506897,1.729555461860543,6.808777347504586,1281.25,1298.828125
tensor(229),75.15966892242432,-4.881651982497109,15.32514036592805,1369.140625,1439.453125
tensor(230),81.07669353485107,7.813869321510898,-2.2662071484882467,1199.21875,1146.484375
tensor(230),95.73220014572144,3.9763465526827586,0.46594202941977764,1251.953125,1193.359375
tensor(230),85.20057201385498,2.2442286751543676,2.5511295191424224,1275.390625,1228.515625
tensor(230),91.12915396690369,4.309334407019677,5.078354295198189,1246.09375,1269.53125
tensor(230),93.89065504074097,1.3050381287620603,6.800385512543508,1287.109375,1298.828125
tensor(230),96.07999324798584,-0.3937996046928706,6.766802982989918,1310.546875,1298.828125
tensor(230),91.48170351982117,1.683361243460623,8.954248343296983,1281.25,1333.984375
tensor(230),86.21033430099487,-1.3042846984436536,9.255310998911982,1322.265625,1339.84375
tensor(230),88.97795677185059,-5.2406389037567545,12.78276915038186,1375.0,1398.4375
tensor(230),81.34969472885132,-4.861898800482026,14.59984187717895,1369.140625,1427.734375
tensor(231),82.4862539768219,8.648121031765244,-1.8972620931290516,1187.5,1152.34375
tensor(231),78.38361859321594,6.805663151931962,7.622893857331841,1210.9375,1310.546875
tensor(231),74.28290247917175,1.2893872150556362,7.514688434622724,1287.109375,1310.546875
tensor(232),91.53031706809998,8.233744700019576,-2.2570832071603837,1193.359375,1146.484375
tensor(232),80.55562973022461,4.826174909306429,0.1312428892600373,1240.234375,1187.5
tensor(232),73.57479333877563,4.712484040439004,6.1545588498580885,1240.234375,1287.109375
tensor(232),93.24849843978882,0.880443976414586,6.791992159023818,1292.96875,1298.828125
tensor(232),75.39553046226501,-2.1653428799110794,9.597799160114816,1333.984375,1345.703125
tensor(232),71.82067036628723,-4.861898800482026,14.59984187717895,1369.140625,1427.734375
tensor(232),86.05965375900269,1.1079542475562763,15.79523366523113,1287.109375,1445.3125
tensor(232),75.84126591682434,-2.7471021634431896,15.72641917734786,1339.84375,1445.3125
tensor(233),71.97659611701965,16.26337993654289,-9.732605190072036,1082.03125,1017.578125
tensor(233),90.75628519058228,2.7767776324713567,-2.726698903545013,1269.53125,1140.625
tensor(233),95.85843682289124,8.233744700019576,-2.2570832071603837,1193.359375,1146.484375
tensor(233),83.32171440124512,4.832824463648369,-0.22104896317872486,1240.234375,1181.640625
tensor(233),91.47064089775085,0.880443976414586,6.791992159023818,1292.96875,1298.828125
tensor(233),78.28595042228699,7.22352691473189,7.988285040260219,1205.078125,1316.40625
tensor(233),73.59194755554199,2.3462891231498073,17.997926310413703,1269.53125,1480.46875
tensor(234),85.22109389305115,8.873007516968826,-16.438213884034145,1187.5,906.25
tensor(234),92.59976148605347,7.428782879710719,-4.37539132535577,1205.078125,1111.328125
tensor(234),92.88967251777649,3.6320227713299267,-3.409330263069092,1257.8125,1128.90625
tensor(234),81.31234049797058,7.808179058157824,-1.9154512411414015,1199.21875,1152.34375
tensor(234),98.1145977973938,4.826174909306429,0.1312428892600373,1240.234375,1187.5
tensor(234),98.7330436706543,1.3907622981990109,2.887960597917311,1287.109375,1234.375
tensor(234),95.4383373260498,3.4696159257301,4.705765475298539,1257.8125,1263.671875
tensor(234),97.9618787765503,-0.7932195580015766,5.688213645749617,1316.40625,1281.25
tensor(234),96.45283222198486,1.2972151699445098,7.157422963998023,1287.109375,1304.6875
tensor(234),97.27325439453125,2.5263588424503793,9.328990057577318,1269.53125,1339.84375
tensor(234),96.32106423377991,-3.0088015834485384,9.22252611610428,1345.703125,1339.84375
tensor(234),88.43418955802917,-3.9377252873679374,12.084557881486694,1357.421875,1386.71875
tensor(234),95.32380104064941,2.83405968340156,15.101117714475116,1263.671875,1433.59375
tensor(234),95.62116861343384,0.6960871470140392,15.062623568368366,1292.96875,1433.59375
tensor(234),96.68357372283936,-4.014318763596748,14.977812818810502,1357.421875,1433.59375
tensor(235),72.22957611083984,8.648121031765244,-1.8972620931290516,1187.5,1152.34375
tensor(235),78.22297811508179,4.826174909306429,0.1312428892600373,1240.234375,1187.5
tensor(235),77.10486650466919,2.600574826970758,5.756075959373109,1269.53125,1281.25
tensor(235),84.08482074737549,5.136116196232735,6.162997615049804,1234.375,1287.109375
tensor(235),86.15419864654541,6.811723076490904,7.266013710486236,1210.9375,1304.6875
tensor(235),86.39359474182129,2.533801791230041,8.970670797933614,1269.53125,1333.984375
tensor(235),89.23299312591553,1.5359032484253288,15.802872747048704,1281.25,1445.3125
tensor(236),87.12404370307922,8.233744700019576,-2.2570832071603837,1193.359375,1146.484375
tensor(236),81.80691003799438,4.411543438399176,-0.23001389293644103,1246.09375,1181.640625
tensor(236),90.72881937026978,0.45577298396476784,6.783597286533254,1298.828125,1298.828125
tensor(236),85.72617769241333,1.683361243460623,8.954248343296983,1281.25,1333.984375
tensor(236),70.56975364685059,-1.3042846984436536,9.255310998911982,1322.265625,1339.84375
tensor(236),72.87369966506958,-3.1851690531896493,16.081876922659468,1345.703125,1451.171875
tensor(237),77.82782912254333,8.393384094620021,-12.332618854426052,1193.359375,976.5625
tensor(237),74.87391829490662,6.164674806022381,-4.053747198876229,1222.65625,1117.1875
tensor(237),77.03795433044434,3.6390303951773504,-3.75948507464844,1257.8125,1123.046875
tensor(237),77.91835069656372,13.266386886853326,-2.1477233008950902,1123.046875,1146.484375
tensor(237),92.93391108512878,8.648121031765244,-1.8972620931290516,1187.5,1152.34375
tensor(237),93.41468811035156,4.302485746797831,5.434048988341532,1246.09375,1275.390625
tensor(237),96.67414426803589,-0.368726762292018,5.6967018038304165,1310.546875,1281.25
tensor(237),88.04658055305481,6.817779137940031,6.909361069311708,1210.9375,1298.828125
tensor(237),73.21149110794067,3.3767643067653155,9.34534685857581,1257.8125,1339.84375
tensor(237),80.47859072685242,-2.156388475601207,9.23892153235998,1333.984375,1339.84375
tensor(237),93.24433207511902,1.1079542475562763,15.79523366523113,1287.109375,1445.3125
tensor(237),86.52738928794861,-3.1758327572166434,15.718766143746002,1345.703125,1445.3125
tensor(237),74.00239706039429,1.9176649183430683,17.99047438871752,1275.390625,1480.46875
tensor(238),81.96452260017395,13.372416505666065,-11.525201788158965,1123.046875,988.28125
tensor(238),90.846186876297,4.925477705475912,-5.129796304636185,1240.234375,1099.609375
tensor(238),74.12598729133606,7.003620897710753,-4.035203317901819,1210.9375,1117.1875
tensor(238),97.38429188728333,4.05225091943501,-3.400104382315308,1251.953125,1128.90625
tensor(238),81.34053349494934,8.228187685027729,-1.9063558520304258,1193.359375,1152.34375
tensor(238),95.19826173782349,5.240994753383864,0.4926637957212971,1234.375,1193.359375
tensor(238),80.36128878593445,-1.1318436222990613,2.126875549415202,1322.265625,1222.65625
tensor(238),97.89950251579285,-0.37707904378115964,6.053174601262386,1310.546875,1287.109375
tensor(238),95.43682932853699,5.5532169822808495,6.527721630822988,1228.515625,1292.96875
tensor(238),99.14690852165222,0.8246225271668,9.29625865658212,1292.96875,1339.84375
tensor(238),76.76241993904114,-5.180892290385636,10.61924294775105,1375.0,1363.28125
tensor(238),93.5404896736145,-2.719545551492435,14.638580265821506,1339.84375,1427.734375
tensor(238),89.86504673957825,1.5437091152421958,15.440332554082891,1281.25,1439.453125
tensor(239),77.36393213272095,9.47226971906317,-0.8258231692704759,1175.78125,1169.921875
tensor(239),90.91920852661133,5.970508316490351,6.8926122669741305,1222.65625,1298.828125
tensor(239),78.93233299255371,1.2893872150556362,7.514688434622724,1287.109375,1310.546875
tensor(239),76.70373320579529,-2.309397160629911,15.371255075578684,1333.984375,1439.453125
tensor(239),85.33780574798584,1.9637742075775513,15.810510435786592,1275.390625,1445.3125
tensor(240),71.19408249855042,9.523796545173738,-4.328927330427687,1175.78125,1111.328125
tensor(240),89.88204002380371,8.239298203669462,-2.6075889462463637,1193.359375,1140.625
tensor(240),81.50355219841003,3.1974236434847083,-2.717526740665874,1263.671875,1140.625
tensor(240),88.08910846710205,4.826174909306429,0.1312428892600373,1240.234375,1187.5
tensor(240),90.46342968940735,4.719205827860531,5.798440105554583,1240.234375,1281.25
tensor(240),93.87956857681274,0.46386334362230774,6.426728440366614,1298.828125,1292.96875
tensor(240),90.37058353424072,2.570945276521818,7.182505039396543,1269.53125,1304.6875
tensor(240),73.2999861240387,-3.0088015834485384,9.22252611610428,1345.703125,1339.84375
tensor(240),85.23644804954529,0.7363962797060559,13.254271905942094,1292.96875,1404.296875
tensor(240),80.0993800163269,0.6880097639144732,15.42499180059329,1292.96875,1439.453125
tensor(240),88.55393528938293,-4.033528797310563,15.703455884318888,1357.421875,1445.3125
tensor(241),78.32468152046204,6.387990329466008,7.257669637707532,1216.796875,1304.6875
tensor(241),89.04331922531128,1.7218687127477554,7.1657851689297,1281.25,1304.6875
tensor(241),84.13341641426086,1.5359032484253288,15.802872747048704,1281.25,1445.3125
tensor(241),70.92236280441284,1.488962390402211,17.98302110532066,1281.25,1480.46875
tensor(242),88.93621563911438,4.397971744841343,0.47485088632200156,1246.09375,1193.359375
tensor(242),94.34158205986023,4.732636562253954,5.086882901001837,1240.234375,1269.53125
tensor(242),91.12355709075928,1.714177054997274,7.523020969963492,1281.25,1310.546875
tensor(242),76.0848343372345,1.6756449718506756,9.312627324655246,1281.25,1339.84375
tensor(242),88.86705040931702,-0.8783487562599507,9.26350350206108,1316.40625,1339.84375
tensor(242),84.77226495742798,-2.5825563526621265,9.230724568147568,1339.84375,1339.84375
tensor(242),81.28848075866699,-4.00472301726937,14.615341472607833,1357.421875,1427.734375
tensor(243),70.72628736495972,5.24751434575531,0.14017739510475946,1234.375,1187.5
tensor(243),80.05417585372925,5.983150926415225,6.179870572164778,1222.65625,1287.109375
tensor(243),73.68805408477783,0.46386334362230774,6.426728440366614,1298.828125,1292.96875
tensor(243),88.38409781455994,1.9714417931299781,15.448000833322263,1275.390625,1439.453125
tensor(244),79.85624670982361,8.382467631552924,-11.64363345047902,1193.359375,988.28125
tensor(244),85.09696125984192,3.6250107165705825,-3.0589540490332543,1257.8125,1134.765625
tensor(244),77.20831036567688,9.06797911860781,-1.8881699639990253,1181.640625,1152.34375
tensor(244),88.87055516242981,4.404759742696499,0.12230677755670924,1246.09375,1187.5
tensor(244),94.94266510009766,4.725923333769038,5.442548194821516,1240.234375,1275.390625
tensor(244),94.88114714622498,0.45577298396476784,6.783597286533254,1298.828125,1298.828125
tensor(244),88.54217529296875,0.8246225271668,9.29625865658212,1292.96875,1339.84375
tensor(244),84.00730490684509,1.956101688264096,16.17325329756529,1275.390625,1451.171875
tensor(245),88.56919407844543,0.880443976414586,6.791992159023818,1292.96875,1298.828125
tensor(245),82.75839686393738,7.2294549601938245,7.631206815617164,1205.078125,1310.546875
tensor(245),82.60193467140198,1.5280923584112287,16.165646240291974,1281.25,1451.171875
tensor(246),87.76267766952515,8.044112724483538,-16.45873721419206,1199.21875,906.25
tensor(246),72.12976217269897,10.496484843173508,-14.000976492547526,1164.0625,947.265625
tensor(246),95.10632753372192,7.145019553052093,-12.36243122167316,1210.9375,976.5625
tensor(246),96.79182767868042,4.932064487309327,-5.478762484078952,1240.234375,1093.75
tensor(246),98.30814003944397,3.204573737344932,-3.0681530941630375,1263.671875,1134.765625
tensor(246),98.47954511642456,7.819555989003551,-2.6167414018963964,1199.21875,1140.625
tensor(246),77.3074746131897,4.819521138262197,0.48375814161187713,1240.234375,1193.359375
tensor(246),96.49308323860168,0.9676612438436205,2.8792438557396878,1292.96875,1234.375
tensor(246),95.3827977180481,3.8999107687949204,4.359055175231934,1251.953125,1257.8125
tensor(246),93.31458806991577,5.129525766322596,6.5193138976006475,1234.375,1292.96875
tensor(246),99.16192293167114,0.45577298396476784,6.783597286533254,1298.828125,1298.828125
tensor(246),86.3843560218811,-2.5916480268228295,9.589632148680716,1339.84375,1345.703125
tensor(246),88.71488571166992,-4.7439115802093905,10.267580245095637,1369.140625,1357.421875
tensor(246),85.30278205871582,-3.0827994045029605,12.10047755623141,1345.703125,1386.71875
tensor(246),87.18066215515137,2.406621015811728,15.093421691143734,1269.53125,1433.59375
tensor(246),93.54903101921082,-1.0243255185459401,15.394293502857032,1316.40625,1439.453125
tensor(246),96.8353807926178,-4.0239206882875,15.3405175475566,1357.421875,1439.453125
tensor(247),80.61147332191467,8.464009134707704,-16.7900719209074,1193.359375,900.390625
tensor(247),95.65361738204956,10.056836066584365,-12.292893726520832,1169.921875,976.5625
tensor(247),89.59743976593018,12.545649913400462,-11.889248621061357,1134.765625,982.421875
tensor(247),84.89686846733093,3.6250107165705825,-3.0589540490332543,1257.8125,1134.765625
tensor(247),93.87194514274597,8.658965233486548,-2.598438129997778,1187.5,1140.625
tensor(247),93.87294054031372,8.233744700019576,-2.2570832071603837,1193.359375,1146.484375
tensor(247),88.03758025169373,4.404759742696499,0.12230677755670924,1246.09375,1187.5
tensor(247),74.51571822166443,1.8137870711880888,2.89667576854367,1281.25,1234.375
tensor(247),95.01549005508423,6.4003697483587425,6.5445325397761875,1216.796875,1292.96875
tensor(247),95.61800956726074,0.44767745817671933,7.140694012683762,1298.828125,1304.6875
tensor(247),70.61343789100647,-3.8615241904560382,9.206124746904504,1357.421875,1339.84375
tensor(247),96.50967121124268,-3.5857093781523055,14.985529920889784,1351.5625,1433.59375
tensor(247),93.88304948806763,1.9714417931299781,15.448000833322263,1275.390625,1439.453125
tensor(248),76.96523070335388,8.322181649813889,-7.838723267987706,1193.359375,1052.734375
tensor(248),87.08415627479553,8.233744700019576,-2.2570832071603837,1193.359375,1146.484375
tensor(248),90.66092371940613,5.240994753383864,0.4926637957212971,1234.375,1193.359375
tensor(248),80.03185987472534,0.0639001769556768,5.348972426766327,1304.6875,1275.390625
tensor(248),88.4226381778717,4.295632722466085,5.789970337601638,1246.09375,1281.25
tensor(248),91.59972071647644,5.970508316490351,6.8926122669741305,1222.65625,1298.828125
tensor(248),94.01848912239075,1.7218687127477554,7.1657851689297,1281.25,1304.6875
tensor(248),80.00250458717346,-3.42576382143965,8.855588448926603,1351.5625,1333.984375
tensor(248),75.84316730499268,-4.43327181401351,14.607592381813207,1363.28125,1427.734375
tensor(248),85.01556515693665,1.1079542475562763,15.79523366523113,1287.109375,1445.3125
tensor(249),72.96879291534424,13.438261264130967,-17.34864822621758,1123.046875,888.671875
tensor(249),72.03490138053894,7.3997385692825866,-2.6258954973884734,1205.078125,1140.625
tensor(249),73.72868657112122,9.47226971906317,-0.8258231692704759,1175.78125,1169.921875
tensor(249),81.19741678237915,4.2887753298517595,6.146118559692615,1246.09375,1287.109375
tensor(249),92.95076727867126,0.8645204574571242,7.506354390490955,1292.96875,1310.546875
tensor(249),84.55703258514404,1.1000049364824005,16.158037795079537,1287.109375,1451.171875
tensor(250),82.96918869018555,7.9829203291450215,-12.68675113588692,1199.21875,970.703125
tensor(250),73.61753582954407,5.7387519637504685,-3.7132300088185084,1228.515625,1123.046875
tensor(250),84.16420817375183,2.7694892775773954,-2.375822119768005,1269.53125,1146.484375
tensor(250),74.81817603111267,8.228187685027729,-1.9063558520304258,1193.359375,1152.34375
tensor(250),75.78531503677368,4.826174909306429,0.1312428892600373,1240.234375,1187.5
tensor(250),85.43327450752258,2.1690827283859644,6.10389421978419,1275.390625,1287.109375
tensor(250),94.37527656555176,-0.37707904378115964,6.053174601262386,1310.546875,1287.109375
tensor(250),96.38224840164185,2.101040468420726,9.3208094328084,1275.390625,1339.84375
tensor(250),91.10071659088135,-1.730297931210834,9.24711700914652,1328.125,1339.84375
tensor(250),93.35078597068787,-3.16650247145896,15.355889116415979,1345.703125,1439.453125
tensor(250),88.00201416015625,0.6799271836167959,15.787593189952714,1292.96875,1445.3125
