candidate_rank,dx_px,dy_px,median_abs_spearman,comparison_count
1,-12,-12,0.18896092632155226,96
1,-12,-10,0.1908561998360893,96
1,-12,-8,0.20692489845217343,96
1,-12,-6,0.19687988238355908,96
1,-12,-4,0.17594606091273893,96
1,-12,-2,0.17043787850917821,96
1,-12,0,0.16180540043604874,96
1,-12,2,0.14678131526093824,96
1,-12,4,0.15197802691383067,96
1,-12,6,0.1323657135945952,96
1,-12,8,0.13550433268296952,96
1,-12,10,0.1351632201050973,96
1,-12,12,0.14219002411532172,96
1,-10,-12,0.19690387097957923,96
1,-10,-10,0.1995270522704259,96
1,-10,-8,0.1867102029145999,96
1,-10,-6,0.17690041778065116,96
1,-10,-4,0.16362416123418327,96
1,-10,-2,0.16890909587143466,96
1,-10,0,0.14719146379084697,96
1,-10,2,0.1522537215158627,96
1,-10,4,0.14159909249562003,96
1,-10,6,0.13085014078739227,96
1,-10,8,0.1288878991812496,96
1,-10,10,0.1301948232790083,96
1,-10,12,0.15957235493804456,96
1,-8,-12,0.1934570399600444,96
1,-8,-10,0.1880554166552511,96
1,-8,-8,0.17606167916421106,96
1,-8,-6,0.18765892831901776,96
1,-8,-4,0.17084892608223687,96
1,-8,-2,0.16186194141045776,96
1,-8,0,0.1527836948093274,96
1,-8,2,0.14767293234692874,96
1,-8,4,0.14629355166086044,96
1,-8,6,0.1326979875150296,96
1,-8,8,0.15076851552822013,96
1,-8,10,0.1446440305280316,96
1,-8,12,0.14275486579276242,96
1,-6,-12,0.18858204717021743,96
1,-6,-10,0.18093402112970805,96
1,-6,-8,0.17693055969029214,96
1,-6,-6,0.16262568443300515,96
1,-6,-4,0.18041740082097973,96
1,-6,-2,0.16394222771929207,96
1,-6,0,0.1538985623119853,96
1,-6,2,0.15454940321545302,96
1,-6,4,0.15120086078383943,96
1,-6,6,0.14015068724909602,96
1,-6,8,0.13184853040513533,96
1,-6,10,0.1306993009918128,96
1,-6,12,0.12657260839256684,96
1,-4,-12,0.18378456575538185,96
1,-4,-10,0.15214062255860483,96
1,-4,-8,0.17454099416891974,96
1,-4,-6,0.1765792658275657,96
1,-4,-4,0.17857549207509463,96
1,-4,-2,0.16783673405173655,96
1,-4,0,0.17037332669341265,96
1,-4,2,0.15054196233656256,96
1,-4,4,0.14988219439143885,96
1,-4,6,0.13876694536917672,96
1,-4,8,0.13146423503611185,96
1,-4,10,0.13593307171433688,96
1,-4,12,0.13386878275741793,96
1,-2,-12,0.17994453596122528,96
1,-2,-10,0.15053803070099198,96
1,-2,-8,0.1673994104988501,96
1,-2,-6,0.15885790430102262,96
1,-2,-4,0.16066021117249524,96
1,-2,-2,0.15089431122038638,96
1,-2,0,0.17720079387885745,96
1,-2,2,0.15752988100900855,96
1,-2,4,0.15307104325599402,96
1,-2,6,0.14904548036191287,96
1,-2,8,0.12970853240746888,96
1,-2,10,0.13372397995164526,96
1,-2,12,0.1214550259472845,96
1,0,-12,0.1769966161670493,96
1,0,-10,0.15045654678393383,96
1,0,-8,0.17597093871957104,96
1,0,-6,0.15303147797398411,96
1,0,-4,0.16287452443327377,96
1,0,-2,0.14564434196111753,96
1,0,0,0.1539342747352308,96
1,0,2,0.14060001349948362,96
1,0,4,0.13892095177001657,96
1,0,6,0.15247046905770187,96
1,0,8,0.13711598940595493,96
1,0,10,0.1360028950030321,96
1,0,12,0.13019512774032577,96
1,2,-12,0.1572877495039994,96
1,2,-10,0.14719040798531208,96
1,2,-8,0.16944621941058213,96
1,2,-6,0.16553105702569726,96
1,2,-4,0.16440393604763587,96
1,2,-2,0.1327902110440183,96
1,2,0,0.13756517806172536,96
1,2,2,0.1336820442095435,96
1,2,4,0.13751140278095025,96
1,2,6,0.14677906963642673,96
1,2,8,0.13962273010550727,96
1,2,10,0.12849130321707805,96
1,2,12,0.1286554348812943,96
1,4,-12,0.15259038815475123,96
1,4,-10,0.15025346350942093,96
1,4,-8,0.15321179847075903,96
1,4,-6,0.1504777770853904,96
1,4,-4,0.15171686242105392,96
1,4,-2,0.15626646074429784,96
1,4,0,0.1312070846412573,96
1,4,2,0.13508752250875827,96
1,4,4,0.13282694720717836,96
1,4,6,0.14227132340285942,96
1,4,8,0.13487735864315167,96
1,4,10,0.12115067071422805,96
1,4,12,0.13117952049999945,96
1,6,-12,0.15052399534087613,96
1,6,-10,0.14506653797440897,96
1,6,-8,0.15363695820507223,96
1,6,-6,0.1664585008377166,96
1,6,-4,0.1518355895722106,96
1,6,-2,0.14147463105649233,96
1,6,0,0.13914262770451558,96
1,6,2,0.13684906101968297,96
1,6,4,0.14746996127991557,96
1,6,6,0.1476636253007061,96
1,6,8,0.135755852587782,96
1,6,10,0.12520101549685375,96
1,6,12,0.12521850590135128,96
1,8,-12,0.14731192159289197,96
1,8,-10,0.14032833331159442,96
1,8,-8,0.14437645529316642,96
1,8,-6,0.15400362965014475,96
1,8,-4,0.156312266153109,96
1,8,-2,0.1472499209167175,96
1,8,0,0.13279036622922177,96
1,8,2,0.13651178356024846,96
1,8,4,0.13630501513560256,96
1,8,6,0.1391680432614475,96
1,8,8,0.13497800571170623,96
1,8,10,0.12201215054242691,96
1,8,12,0.12379925960493843,96
1,10,-12,0.15422164493707394,96
1,10,-10,0.13677916757695213,96
1,10,-8,0.15359979964596115,96
1,10,-6,0.13956606465147878,96
1,10,-4,0.12942814160845212,96
1,10,-2,0.13091437799330932,96
1,10,0,0.12098752336314383,96
1,10,2,0.1407358752974419,96
1,10,4,0.15862788989925172,96
1,10,6,0.16309073852103642,96
1,10,8,0.13785049161321328,96
1,10,10,0.13171227129722524,96
1,10,12,0.12145665015317636,96
1,12,-12,0.13610682450637718,96
1,12,-10,0.1390847668824171,96
1,12,-8,0.15548217380473286,96
1,12,-6,0.1299629680957109,96
1,12,-4,0.1395809118045009,96
1,12,-2,0.12209868847011812,96
1,12,0,0.11372452120086335,96
1,12,2,0.13548259450841324,96
1,12,4,0.14781528539966882,96
1,12,6,0.1467522900306497,96
1,12,8,0.127284037113459,96
1,12,10,0.13117159805522866,96
1,12,12,0.13092351603631394,96
2,-12,-12,0.21255502725222983,96
2,-12,-10,0.20428725541668913,96
2,-12,-8,0.26759638881085906,96
2,-12,-6,0.2573009282047962,96
2,-12,-4,0.2864217630486685,96
2,-12,-2,0.21615061331051671,96
2,-12,0,0.16419043864696675,96
2,-12,2,0.16622835884129833,96
2,-12,4,0.17193297527719303,96
2,-12,6,0.172806910331505,96
2,-12,8,0.18162947236463606,96
2,-12,10,0.16516936397043158,96
2,-12,12,0.17480208508658024,96
2,-10,-12,0.2076367064188802,96
2,-10,-10,0.23348143483121636,96
2,-10,-8,0.29135308175299973,96
2,-10,-6,0.2990147273281043,96
2,-10,-4,0.2932580777692183,96
2,-10,-2,0.22443776748324354,96
2,-10,0,0.15671404834815494,96
2,-10,2,0.1915643703673839,96
2,-10,4,0.1809472856630371,96
2,-10,6,0.17527922661796752,96
2,-10,8,0.1799593033272392,96
2,-10,10,0.18274913108402757,96
2,-10,12,0.1845000224738847,96
2,-8,-12,0.22177935523061126,96
2,-8,-10,0.2273070206242635,96
2,-8,-8,0.28765773888781554,96
2,-8,-6,0.3580551804109987,96
2,-8,-4,0.3383532624615996,96
2,-8,-2,0.24886252502550393,96
2,-8,0,0.18038705694121243,96
2,-8,2,0.19036409975530816,96
2,-8,4,0.20096790147207366,96
2,-8,6,0.19829907512531952,96
2,-8,8,0.18481263200908588,96
2,-8,10,0.1861954772345315,96
2,-8,12,0.18273370620568485,96
2,-6,-12,0.22896195238736494,96
2,-6,-10,0.2874825912644906,96
2,-6,-8,0.3826804943970207,96
2,-6,-6,0.4243707422691102,96
2,-6,-4,0.4156016604878997,96
2,-6,-2,0.2912849909367837,96
2,-6,0,0.21122913669217472,96
2,-6,2,0.20067662519589224,96
2,-6,4,0.20430080597626907,96
2,-6,6,0.2113393533143276,96
2,-6,8,0.20205744134986886,96
2,-6,10,0.20193463736478107,96
2,-6,12,0.18930581323534051,96
2,-4,-12,0.2794463722745838,96
2,-4,-10,0.31841399119184277,96
2,-4,-8,0.433988232321216,96
2,-4,-6,0.49301466613021605,96
2,-4,-4,0.4457519574182843,96
2,-4,-2,0.3046364776622441,96
2,-4,0,0.2489931580024891,96
2,-4,2,0.23830348210901425,96
2,-4,4,0.23303760101584592,96
2,-4,6,0.21274871779766566,96
2,-4,8,0.21796294771867633,96
2,-4,10,0.22859247677265687,96
2,-4,12,0.19538179437451975,96
2,-2,-12,0.2714638954591028,96
2,-2,-10,0.3022247639429468,96
2,-2,-8,0.4611814201414437,96
2,-2,-6,0.5382442795717465,96
2,-2,-4,0.47128690932455597,96
2,-2,-2,0.3481438660858094,96
2,-2,0,0.2635163534054923,96
2,-2,2,0.2677242371087535,96
2,-2,4,0.23547834610969448,96
2,-2,6,0.21718953748250963,96
2,-2,8,0.2269780642584569,96
2,-2,10,0.2275820879529356,96
2,-2,12,0.20981655397447846,96
2,0,-12,0.2973901789891615,96
2,0,-10,0.30428075584555203,96
2,0,-8,0.474405839442225,96
2,0,-6,0.5428241232493631,96
2,0,-4,0.47047478885783256,96
2,0,-2,0.3232900815154603,96
2,0,0,0.29135690984825535,96
2,0,2,0.2766980678148224,96
2,0,4,0.23389825324942187,96
2,0,6,0.22141452928335403,96
2,0,8,0.2221673700512054,96
2,0,10,0.2270271421495278,96
2,0,12,0.228882233759665,96
2,2,-12,0.2624497171156633,96
2,2,-10,0.30990761531014044,96
2,2,-8,0.42641211014650093,96
2,2,-6,0.48610936448248754,96
2,2,-4,0.42985056457393367,96
2,2,-2,0.32943386352472065,96
2,2,0,0.2297493995768781,96
2,2,2,0.2369390751638495,96
2,2,4,0.19933843738566032,96
2,2,6,0.22218177210631337,96
2,2,8,0.2181143375852507,96
2,2,10,0.21976041775952293,96
2,2,12,0.22562044731986425,96
2,4,-12,0.22441695278415255,96
2,4,-10,0.3039728688336936,96
2,4,-8,0.3759461737686136,96
2,4,-6,0.4635237620764572,96
2,4,-4,0.3909924664433358,96
2,4,-2,0.2912291606196216,96
2,4,0,0.21377902263732912,96
2,4,2,0.21642376834242627,96
2,4,4,0.18463406596137344,96
2,4,6,0.19412280940623988,96
2,4,8,0.19191393570868698,96
2,4,10,0.21886594859477068,96
2,4,12,0.2347256284724949,96
2,6,-12,0.23401203398544854,96
2,6,-10,0.2743143469175291,96
2,6,-8,0.35588550380737005,96
2,6,-6,0.385710844185959,96
2,6,-4,0.36387422554776855,96
2,6,-2,0.28703443199939715,96
2,6,0,0.22480971208658898,96
2,6,2,0.1982994098137379,96
2,6,4,0.1569508055441539,96
2,6,6,0.1694779976993645,96
2,6,8,0.19587771396806025,96
2,6,10,0.20621381469983,96
2,6,12,0.24277523163027298,96
2,8,-12,0.21930244839644897,96
2,8,-10,0.2450079660367317,96
2,8,-8,0.32256505327668916,96
2,8,-6,0.36969527110898925,96
2,8,-4,0.33703134835082504,96
2,8,-2,0.2800463712921775,96
2,8,0,0.20384252580740186,96
2,8,2,0.1755322488128776,96
2,8,4,0.15987267045534798,96
2,8,6,0.16506430974178843,96
2,8,8,0.2021627645248096,96
2,8,10,0.20057179257391605,96
2,8,12,0.24836041278505647,96
2,10,-12,0.21350653717744492,96
2,10,-10,0.2272262468875424,96
2,10,-8,0.2812196780971099,96
2,10,-6,0.32489160350878177,96
2,10,-4,0.31886289216472824,96
2,10,-2,0.2351279314254715,96
2,10,0,0.16244786269433856,96
2,10,2,0.1548077915811843,96
2,10,4,0.17479430202447607,96
2,10,6,0.16882243352105802,96
2,10,8,0.1784051559835422,96
2,10,10,0.21114708054381273,96
2,10,12,0.24643752295066618,96
2,12,-12,0.1905811220458299,96
2,12,-10,0.23743252473802806,96
2,12,-8,0.29837792636661775,96
2,12,-6,0.298587709955143,96
2,12,-4,0.3027205628432033,96
2,12,-2,0.20398697522406564,96
2,12,0,0.1517912807758395,96
2,12,2,0.13565814995413167,96
2,12,4,0.17365581364229454,96
2,12,6,0.1903048367182527,96
2,12,8,0.18119368949058132,96
2,12,10,0.20626835573253932,96
2,12,12,0.2324300717848382,96
