sample_id,layer_z,rank,score,x_model_pixel,y_model_pixel,raw_camera_x_px,raw_camera_y_px,expected_raw_camera_x_px,expected_raw_camera_y_px,model_grid_roundtrip_x,model_grid_roundtrip_y,model_grid_roundtrip_error_px,raw_center_mapping_error_px,grid_in_bounds,raw_in_working_roi,raw_in_sensor_fov,model_edge_margin_px,model_edge_safe,score_finite,score_in_unit_interval,inverse_homography_denominator,machine_x,machine_y,containing_machine_part,inverse_transform_solvable,reprojected_raw_camera_x_px,reprojected_raw_camera_y_px,raw_camera_roundtrip_error_px,score_semantics
test_z_203,203,1,0.763462483882904,36,125,463.8671875,985.3515625,463.8671875,985.3515625,36.0,125.0,0.0,0.0,True,True,True,36.0,True,True,True,1.031861598260699,59.18817559815832,-10.176451987400226,,True,463.86718750000017,985.3515625,1.7053025658242404e-13,sigmoid-scaled XCT-derived continuous quality candidate; direction unresolved
test_z_203,203,2,0.7630497217178345,6,77,288.0859375,704.1015625,288.0859375,704.1015625,6.0,77.0,0.0,0.0,True,True,True,6.0,True,True,True,1.0524010834010071,70.45151482826326,-25.817650078576634,,True,288.08593750000017,704.1015625,1.7053025658242404e-13,sigmoid-scaled XCT-derived continuous quality candidate; direction unresolved
test_z_203,203,3,0.7621549367904663,33,116,446.2890625,932.6171875,446.2890625,932.6171875,33.0,116.0,0.0,0.0,True,True,True,33.0,True,True,True,1.0353382843579102,60.28559090086115,-13.18403964632445,,True,446.28906250000006,932.6171875000002,2.3437142008433856e-13,sigmoid-scaled XCT-derived continuous quality candidate; direction unresolved
test_z_203,203,4,0.7607253789901733,4,59,276.3671875,598.6328125,276.3671875,598.6328125,4.0,59.0,0.0,0.0,True,True,True,4.0,True,True,True,1.0587838386558548,70.96636848431154,-31.64486732042438,,True,276.36718750000006,598.6328125000001,1.2710574864626038e-13,sigmoid-scaled XCT-derived continuous quality candidate; direction unresolved
test_z_203,203,5,0.7597560882568359,23,136,387.6953125,1049.8046875,387.6953125,1049.8046875,23.0,136.0,0.0,0.0,True,True,True,23.0,True,True,True,1.0299898858345602,64.53652141356311,-6.312101168820809,,True,387.69531250000006,1049.8046875,5.684341886080802e-14,sigmoid-scaled XCT-derived continuous quality candidate; direction unresolved
test_z_204,204,1,0.7631756067276001,33,116,446.2890625,932.6171875,446.2890625,932.6171875,33.0,116.0,0.0,0.0,True,True,True,33.0,True,True,True,1.0353382843579102,60.28559090086115,-13.18403964632445,,True,446.28906250000006,932.6171875000002,2.3437142008433856e-13,sigmoid-scaled XCT-derived continuous quality candidate; direction unresolved
test_z_204,204,2,0.7624258399009705,36,125,463.8671875,985.3515625,463.8671875,985.3515625,36.0,125.0,0.0,0.0,True,True,True,36.0,True,True,True,1.031861598260699,59.18817559815832,-10.176451987400226,,True,463.86718750000017,985.3515625,1.7053025658242404e-13,sigmoid-scaled XCT-derived continuous quality candidate; direction unresolved
test_z_204,204,3,0.7615180015563965,6,78,288.0859375,709.9609375,288.0859375,709.9609375,6.0,78.0,0.0,0.0,True,True,True,6.0,True,True,True,1.0520623363573929,70.46626674703796,-25.490506702127927,,True,288.0859375000001,709.9609375000001,1.6077746776921858e-13,sigmoid-scaled XCT-derived continuous quality candidate; direction unresolved
test_z_204,204,4,0.7596579790115356,5,60,282.2265625,604.4921875,282.2265625,604.4921875,5.0,60.0,0.0,0.0,True,True,True,5.0,True,True,True,1.0583024373773464,70.59173926208499,-31.3342994912668,,True,282.22656250000017,604.4921875,1.7053025658242404e-13,sigmoid-scaled XCT-derived continuous quality candidate; direction unresolved
test_z_204,204,5,0.7590130567550659,23,136,387.6953125,1049.8046875,387.6953125,1049.8046875,23.0,136.0,0.0,0.0,True,True,True,23.0,True,True,True,1.0299898858345602,64.53652141356311,-6.312101168820809,,True,387.69531250000006,1049.8046875,5.684341886080802e-14,sigmoid-scaled XCT-derived continuous quality candidate; direction unresolved
test_z_205,205,1,0.7641937732696533,36,125,463.8671875,985.3515625,463.8671875,985.3515625,36.0,125.0,0.0,0.0,True,True,True,36.0,True,True,True,1.031861598260699,59.18817559815832,-10.176451987400226,,True,463.86718750000017,985.3515625,1.7053025658242404e-13,sigmoid-scaled XCT-derived continuous quality candidate; direction unresolved
test_z_205,205,2,0.7630923390388489,33,118,446.2890625,944.3359375,446.2890625,944.3359375,33.0,118.0,0.0,0.0,True,True,True,33.0,True,True,True,1.0346607902706815,60.30893432233689,-12.510476240015395,,True,446.2890625000001,944.3359375000001,1.6077746776921858e-13,sigmoid-scaled XCT-derived continuous quality candidate; direction unresolved
test_z_205,205,3,0.7616883516311646,6,77,288.0859375,704.1015625,288.0859375,704.1015625,6.0,77.0,0.0,0.0,True,True,True,6.0,True,True,True,1.0524010834010071,70.45151482826326,-25.817650078576634,,True,288.08593750000017,704.1015625,1.7053025658242404e-13,sigmoid-scaled XCT-derived continuous quality candidate; direction unresolved
test_z_205,205,4,0.7602793574333191,4,59,276.3671875,598.6328125,276.3671875,598.6328125,4.0,59.0,0.0,0.0,True,True,True,4.0,True,True,True,1.0587838386558548,70.96636848431154,-31.64486732042438,,True,276.36718750000006,598.6328125000001,1.2710574864626038e-13,sigmoid-scaled XCT-derived continuous quality candidate; direction unresolved
test_z_205,205,5,0.7600196599960327,23,136,387.6953125,1049.8046875,387.6953125,1049.8046875,23.0,136.0,0.0,0.0,True,True,True,23.0,True,True,True,1.0299898858345602,64.53652141356311,-6.312101168820809,,True,387.69531250000006,1049.8046875,5.684341886080802e-14,sigmoid-scaled XCT-derived continuous quality candidate; direction unresolved
test_z_206,206,1,0.7629987597465515,33,116,446.2890625,932.6171875,446.2890625,932.6171875,33.0,116.0,0.0,0.0,True,True,True,33.0,True,True,True,1.0353382843579102,60.28559090086115,-13.18403964632445,,True,446.28906250000006,932.6171875000002,2.3437142008433856e-13,sigmoid-scaled XCT-derived continuous quality candidate; direction unresolved
test_z_206,206,2,0.7621145248413086,36,125,463.8671875,985.3515625,463.8671875,985.3515625,36.0,125.0,0.0,0.0,True,True,True,36.0,True,True,True,1.031861598260699,59.18817559815832,-10.176451987400226,,True,463.86718750000017,985.3515625,1.7053025658242404e-13,sigmoid-scaled XCT-derived continuous quality candidate; direction unresolved
test_z_206,206,3,0.7616899013519287,5,78,282.2265625,709.9609375,282.2265625,709.9609375,5.0,78.0,0.0,0.0,True,True,True,5.0,True,True,True,1.0522049905922866,70.85805038957662,-25.478485626124062,,True,282.22656250000006,709.9609375,5.684341886080802e-14,sigmoid-scaled XCT-derived continuous quality candidate; direction unresolved
test_z_206,206,4,0.7600114941596985,4,59,276.3671875,598.6328125,276.3671875,598.6328125,4.0,59.0,0.0,0.0,True,True,True,4.0,True,True,True,1.0587838386558548,70.96636848431154,-31.64486732042438,,True,276.36718750000006,598.6328125000001,1.2710574864626038e-13,sigmoid-scaled XCT-derived continuous quality candidate; direction unresolved
test_z_206,206,5,0.7592707872390747,22,136,381.8359375,1049.8046875,381.8359375,1049.8046875,22.0,136.0,0.0,0.0,True,True,True,22.0,True,True,True,1.030132540069454,64.93752088802627,-6.302478372714337,,True,381.8359375000001,1049.8046875000002,2.5421149729252077e-13,sigmoid-scaled XCT-derived continuous quality candidate; direction unresolved
test_z_207,207,1,0.7636359333992004,33,118,446.2890625,944.3359375,446.2890625,944.3359375,33.0,118.0,0.0,0.0,True,True,True,33.0,True,True,True,1.0346607902706815,60.30893432233689,-12.510476240015395,,True,446.2890625000001,944.3359375000001,1.6077746776921858e-13,sigmoid-scaled XCT-derived continuous quality candidate; direction unresolved
test_z_207,207,2,0.7618182301521301,5,78,282.2265625,709.9609375,282.2265625,709.9609375,5.0,78.0,0.0,0.0,True,True,True,5.0,True,True,True,1.0522049905922866,70.85805038957662,-25.478485626124062,,True,282.22656250000006,709.9609375,5.684341886080802e-14,sigmoid-scaled XCT-derived continuous quality candidate; direction unresolved
test_z_207,207,3,0.7612679600715637,36,125,463.8671875,985.3515625,463.8671875,985.3515625,36.0,125.0,0.0,0.0,True,True,True,36.0,True,True,True,1.031861598260699,59.18817559815832,-10.176451987400226,,True,463.86718750000017,985.3515625,1.7053025658242404e-13,sigmoid-scaled XCT-derived continuous quality candidate; direction unresolved
test_z_207,207,4,0.7597069144248962,4,59,276.3671875,598.6328125,276.3671875,598.6328125,4.0,59.0,0.0,0.0,True,True,True,4.0,True,True,True,1.0587838386558548,70.96636848431154,-31.64486732042438,,True,276.36718750000006,598.6328125000001,1.2710574864626038e-13,sigmoid-scaled XCT-derived continuous quality candidate; direction unresolved
test_z_207,207,5,0.7592354416847229,22,136,381.8359375,1049.8046875,381.8359375,1049.8046875,22.0,136.0,0.0,0.0,True,True,True,22.0,True,True,True,1.030132540069454,64.93752088802627,-6.302478372714337,,True,381.8359375000001,1049.8046875000002,2.5421149729252077e-13,sigmoid-scaled XCT-derived continuous quality candidate; direction unresolved
test_z_208,208,1,0.7635603547096252,33,116,446.2890625,932.6171875,446.2890625,932.6171875,33.0,116.0,0.0,0.0,True,True,True,33.0,True,True,True,1.0353382843579102,60.28559090086115,-13.18403964632445,,True,446.28906250000006,932.6171875000002,2.3437142008433856e-13,sigmoid-scaled XCT-derived continuous quality candidate; direction unresolved
test_z_208,208,2,0.7626814246177673,36,125,463.8671875,985.3515625,463.8671875,985.3515625,36.0,125.0,0.0,0.0,True,True,True,36.0,True,True,True,1.031861598260699,59.18817559815832,-10.176451987400226,,True,463.86718750000017,985.3515625,1.7053025658242404e-13,sigmoid-scaled XCT-derived continuous quality candidate; direction unresolved
test_z_208,208,3,0.761765718460083,5,78,282.2265625,709.9609375,282.2265625,709.9609375,5.0,78.0,0.0,0.0,True,True,True,5.0,True,True,True,1.0522049905922866,70.85805038957662,-25.478485626124062,,True,282.22656250000006,709.9609375,5.684341886080802e-14,sigmoid-scaled XCT-derived continuous quality candidate; direction unresolved
test_z_208,208,4,0.7599610090255737,4,59,276.3671875,598.6328125,276.3671875,598.6328125,4.0,59.0,0.0,0.0,True,True,True,4.0,True,True,True,1.0587838386558548,70.96636848431154,-31.64486732042438,,True,276.36718750000006,598.6328125000001,1.2710574864626038e-13,sigmoid-scaled XCT-derived continuous quality candidate; direction unresolved
test_z_208,208,5,0.7592241168022156,23,136,387.6953125,1049.8046875,387.6953125,1049.8046875,23.0,136.0,0.0,0.0,True,True,True,23.0,True,True,True,1.0299898858345602,64.53652141356311,-6.312101168820809,,True,387.69531250000006,1049.8046875,5.684341886080802e-14,sigmoid-scaled XCT-derived continuous quality candidate; direction unresolved
test_z_209,209,1,0.7639970183372498,33,116,446.2890625,932.6171875,446.2890625,932.6171875,33.0,116.0,0.0,0.0,True,True,True,33.0,True,True,True,1.0353382843579102,60.28559090086115,-13.18403964632445,,True,446.28906250000006,932.6171875000002,2.3437142008433856e-13,sigmoid-scaled XCT-derived continuous quality candidate; direction unresolved
test_z_209,209,2,0.7625048160552979,6,77,288.0859375,704.1015625,288.0859375,704.1015625,6.0,77.0,0.0,0.0,True,True,True,6.0,True,True,True,1.0524010834010071,70.45151482826326,-25.817650078576634,,True,288.08593750000017,704.1015625,1.7053025658242404e-13,sigmoid-scaled XCT-derived continuous quality candidate; direction unresolved
test_z_209,209,3,0.7613438367843628,36,125,463.8671875,985.3515625,463.8671875,985.3515625,36.0,125.0,0.0,0.0,True,True,True,36.0,True,True,True,1.031861598260699,59.18817559815832,-10.176451987400226,,True,463.86718750000017,985.3515625,1.7053025658242404e-13,sigmoid-scaled XCT-derived continuous quality candidate; direction unresolved
test_z_209,209,4,0.7593973278999329,22,136,381.8359375,1049.8046875,381.8359375,1049.8046875,22.0,136.0,0.0,0.0,True,True,True,22.0,True,True,True,1.030132540069454,64.93752088802627,-6.302478372714337,,True,381.8359375000001,1049.8046875000002,2.5421149729252077e-13,sigmoid-scaled XCT-derived continuous quality candidate; direction unresolved
test_z_209,209,5,0.7589197158813477,4,59,276.3671875,598.6328125,276.3671875,598.6328125,4.0,59.0,0.0,0.0,True,True,True,4.0,True,True,True,1.0587838386558548,70.96636848431154,-31.64486732042438,,True,276.36718750000006,598.6328125000001,1.2710574864626038e-13,sigmoid-scaled XCT-derived continuous quality candidate; direction unresolved
test_z_210,210,1,0.7639966011047363,33,118,446.2890625,944.3359375,446.2890625,944.3359375,33.0,118.0,0.0,0.0,True,True,True,33.0,True,True,True,1.0346607902706815,60.30893432233689,-12.510476240015395,,True,446.2890625000001,944.3359375000001,1.6077746776921858e-13,sigmoid-scaled XCT-derived continuous quality candidate; direction unresolved
test_z_210,210,2,0.7612223029136658,5,78,282.2265625,709.9609375,282.2265625,709.9609375,5.0,78.0,0.0,0.0,True,True,True,5.0,True,True,True,1.0522049905922866,70.85805038957662,-25.478485626124062,,True,282.22656250000006,709.9609375,5.684341886080802e-14,sigmoid-scaled XCT-derived continuous quality candidate; direction unresolved
test_z_210,210,3,0.7604824304580688,36,125,463.8671875,985.3515625,463.8671875,985.3515625,36.0,125.0,0.0,0.0,True,True,True,36.0,True,True,True,1.031861598260699,59.18817559815832,-10.176451987400226,,True,463.86718750000017,985.3515625,1.7053025658242404e-13,sigmoid-scaled XCT-derived continuous quality candidate; direction unresolved
test_z_210,210,4,0.7595728039741516,22,136,381.8359375,1049.8046875,381.8359375,1049.8046875,22.0,136.0,0.0,0.0,True,True,True,22.0,True,True,True,1.030132540069454,64.93752088802627,-6.302478372714337,,True,381.8359375000001,1049.8046875000002,2.5421149729252077e-13,sigmoid-scaled XCT-derived continuous quality candidate; direction unresolved
test_z_210,210,5,0.7595152258872986,4,59,276.3671875,598.6328125,276.3671875,598.6328125,4.0,59.0,0.0,0.0,True,True,True,4.0,True,True,True,1.0587838386558548,70.96636848431154,-31.64486732042438,,True,276.36718750000006,598.6328125000001,1.2710574864626038e-13,sigmoid-scaled XCT-derived continuous quality candidate; direction unresolved
test_z_211,211,1,0.7633908987045288,33,117,446.2890625,938.4765625,446.2890625,938.4765625,33.0,117.0,0.0,0.0,True,True,True,33.0,True,True,True,1.0349995373142957,60.29725879154175,-12.847368169118994,,True,446.28906250000006,938.4765625000001,1.2710574864626038e-13,sigmoid-scaled XCT-derived continuous quality candidate; direction unresolved
test_z_211,211,2,0.7621006965637207,36,125,463.8671875,985.3515625,463.8671875,985.3515625,36.0,125.0,0.0,0.0,True,True,True,36.0,True,True,True,1.031861598260699,59.18817559815832,-10.176451987400226,,True,463.86718750000017,985.3515625,1.7053025658242404e-13,sigmoid-scaled XCT-derived continuous quality candidate; direction unresolved
test_z_211,211,3,0.7615721821784973,5,78,282.2265625,709.9609375,282.2265625,709.9609375,5.0,78.0,0.0,0.0,True,True,True,5.0,True,True,True,1.0522049905922866,70.85805038957662,-25.478485626124062,,True,282.22656250000006,709.9609375,5.684341886080802e-14,sigmoid-scaled XCT-derived continuous quality candidate; direction unresolved
test_z_211,211,4,0.7593120336532593,22,136,381.8359375,1049.8046875,381.8359375,1049.8046875,22.0,136.0,0.0,0.0,True,True,True,22.0,True,True,True,1.030132540069454,64.93752088802627,-6.302478372714337,,True,381.8359375000001,1049.8046875000002,2.5421149729252077e-13,sigmoid-scaled XCT-derived continuous quality candidate; direction unresolved
test_z_211,211,5,0.7588318586349487,4,59,276.3671875,598.6328125,276.3671875,598.6328125,4.0,59.0,0.0,0.0,True,True,True,4.0,True,True,True,1.0587838386558548,70.96636848431154,-31.64486732042438,,True,276.36718750000006,598.6328125000001,1.2710574864626038e-13,sigmoid-scaled XCT-derived continuous quality candidate; direction unresolved
test_z_212,212,1,0.7636142373085022,33,117,446.2890625,938.4765625,446.2890625,938.4765625,33.0,117.0,0.0,0.0,True,True,True,33.0,True,True,True,1.0349995373142957,60.29725879154175,-12.847368169118994,,True,446.28906250000006,938.4765625000001,1.2710574864626038e-13,sigmoid-scaled XCT-derived continuous quality candidate; direction unresolved
test_z_212,212,2,0.7620679140090942,6,77,288.0859375,704.1015625,288.0859375,704.1015625,6.0,77.0,0.0,0.0,True,True,True,6.0,True,True,True,1.0524010834010071,70.45151482826326,-25.817650078576634,,True,288.08593750000017,704.1015625,1.7053025658242404e-13,sigmoid-scaled XCT-derived continuous quality candidate; direction unresolved
test_z_212,212,3,0.761501669883728,36,125,463.8671875,985.3515625,463.8671875,985.3515625,36.0,125.0,0.0,0.0,True,True,True,36.0,True,True,True,1.031861598260699,59.18817559815832,-10.176451987400226,,True,463.86718750000017,985.3515625,1.7053025658242404e-13,sigmoid-scaled XCT-derived continuous quality candidate; direction unresolved
test_z_212,212,4,0.7593134641647339,22,136,381.8359375,1049.8046875,381.8359375,1049.8046875,22.0,136.0,0.0,0.0,True,True,True,22.0,True,True,True,1.030132540069454,64.93752088802627,-6.302478372714337,,True,381.8359375000001,1049.8046875000002,2.5421149729252077e-13,sigmoid-scaled XCT-derived continuous quality candidate; direction unresolved
test_z_212,212,5,0.7592439651489258,4,59,276.3671875,598.6328125,276.3671875,598.6328125,4.0,59.0,0.0,0.0,True,True,True,4.0,True,True,True,1.0587838386558548,70.96636848431154,-31.64486732042438,,True,276.36718750000006,598.6328125000001,1.2710574864626038e-13,sigmoid-scaled XCT-derived continuous quality candidate; direction unresolved
test_z_213,213,1,0.7627213001251221,6,77,288.0859375,704.1015625,288.0859375,704.1015625,6.0,77.0,0.0,0.0,True,True,True,6.0,True,True,True,1.0524010834010071,70.45151482826326,-25.817650078576634,,True,288.08593750000017,704.1015625,1.7053025658242404e-13,sigmoid-scaled XCT-derived continuous quality candidate; direction unresolved
test_z_213,213,2,0.7597737312316895,22,136,381.8359375,1049.8046875,381.8359375,1049.8046875,22.0,136.0,0.0,0.0,True,True,True,22.0,True,True,True,1.030132540069454,64.93752088802627,-6.302478372714337,,True,381.8359375000001,1049.8046875000002,2.5421149729252077e-13,sigmoid-scaled XCT-derived continuous quality candidate; direction unresolved
test_z_213,213,3,0.7597415447235107,4,59,276.3671875,598.6328125,276.3671875,598.6328125,4.0,59.0,0.0,0.0,True,True,True,4.0,True,True,True,1.0587838386558548,70.96636848431154,-31.64486732042438,,True,276.36718750000006,598.6328125000001,1.2710574864626038e-13,sigmoid-scaled XCT-derived continuous quality candidate; direction unresolved
test_z_213,213,4,0.7587320804595947,33,118,446.2890625,944.3359375,446.2890625,944.3359375,33.0,118.0,0.0,0.0,True,True,True,33.0,True,True,True,1.0346607902706815,60.30893432233689,-12.510476240015395,,True,446.2890625000001,944.3359375000001,1.6077746776921858e-13,sigmoid-scaled XCT-derived continuous quality candidate; direction unresolved
test_z_213,213,5,0.7580842971801758,11,79,317.3828125,715.8203125,317.3828125,715.8203125,11.0,79.0,0.0,0.0,True,True,True,11.0,True,True,True,1.0510103181393091,68.519893291943,-25.22310412944738,,True,317.38281250000034,715.8203125,3.410605131648481e-13,sigmoid-scaled XCT-derived continuous quality candidate; direction unresolved
test_z_214,214,1,0.763962984085083,33,116,446.2890625,932.6171875,446.2890625,932.6171875,33.0,116.0,0.0,0.0,True,True,True,33.0,True,True,True,1.0353382843579102,60.28559090086115,-13.18403964632445,,True,446.28906250000006,932.6171875000002,2.3437142008433856e-13,sigmoid-scaled XCT-derived continuous quality candidate; direction unresolved
test_z_214,214,2,0.7611267566680908,5,78,282.2265625,709.9609375,282.2265625,709.9609375,5.0,78.0,0.0,0.0,True,True,True,5.0,True,True,True,1.0522049905922866,70.85805038957662,-25.478485626124062,,True,282.22656250000006,709.9609375,5.684341886080802e-14,sigmoid-scaled XCT-derived continuous quality candidate; direction unresolved
test_z_214,214,3,0.7590813636779785,22,136,381.8359375,1049.8046875,381.8359375,1049.8046875,22.0,136.0,0.0,0.0,True,True,True,22.0,True,True,True,1.030132540069454,64.93752088802627,-6.302478372714337,,True,381.8359375000001,1049.8046875000002,2.5421149729252077e-13,sigmoid-scaled XCT-derived continuous quality candidate; direction unresolved
test_z_214,214,4,0.7589219808578491,11,79,317.3828125,715.8203125,317.3828125,715.8203125,11.0,79.0,0.0,0.0,True,True,True,11.0,True,True,True,1.0510103181393091,68.519893291943,-25.22310412944738,,True,317.38281250000034,715.8203125,3.410605131648481e-13,sigmoid-scaled XCT-derived continuous quality candidate; direction unresolved
test_z_214,214,5,0.7582506537437439,4,59,276.3671875,598.6328125,276.3671875,598.6328125,4.0,59.0,0.0,0.0,True,True,True,4.0,True,True,True,1.0587838386558548,70.96636848431154,-31.64486732042438,,True,276.36718750000006,598.6328125000001,1.2710574864626038e-13,sigmoid-scaled XCT-derived continuous quality candidate; direction unresolved
test_z_215,215,1,0.7634072303771973,33,117,446.2890625,938.4765625,446.2890625,938.4765625,33.0,117.0,0.0,0.0,True,True,True,33.0,True,True,True,1.0349995373142957,60.29725879154175,-12.847368169118994,,True,446.28906250000006,938.4765625000001,1.2710574864626038e-13,sigmoid-scaled XCT-derived continuous quality candidate; direction unresolved
test_z_215,215,2,0.7624974250793457,6,77,288.0859375,704.1015625,288.0859375,704.1015625,6.0,77.0,0.0,0.0,True,True,True,6.0,True,True,True,1.0524010834010071,70.45151482826326,-25.817650078576634,,True,288.08593750000017,704.1015625,1.7053025658242404e-13,sigmoid-scaled XCT-derived continuous quality candidate; direction unresolved
test_z_215,215,3,0.759210467338562,22,136,381.8359375,1049.8046875,381.8359375,1049.8046875,22.0,136.0,0.0,0.0,True,True,True,22.0,True,True,True,1.030132540069454,64.93752088802627,-6.302478372714337,,True,381.8359375000001,1049.8046875000002,2.5421149729252077e-13,sigmoid-scaled XCT-derived continuous quality candidate; direction unresolved
test_z_215,215,4,0.7586958408355713,36,123,463.8671875,973.6328125,463.8671875,973.6328125,36.0,123.0,0.0,0.0,True,True,True,36.0,True,True,True,1.0325390923479276,59.16550427200091,-10.853372865558477,,True,463.8671875,973.6328125,0.0,sigmoid-scaled XCT-derived continuous quality candidate; direction unresolved
test_z_215,215,5,0.7582191824913025,4,59,276.3671875,598.6328125,276.3671875,598.6328125,4.0,59.0,0.0,0.0,True,True,True,4.0,True,True,True,1.0587838386558548,70.96636848431154,-31.64486732042438,,True,276.36718750000006,598.6328125000001,1.2710574864626038e-13,sigmoid-scaled XCT-derived continuous quality candidate; direction unresolved
test_z_216,216,1,0.7619119882583618,33,116,446.2890625,932.6171875,446.2890625,932.6171875,33.0,116.0,0.0,0.0,True,True,True,33.0,True,True,True,1.0353382843579102,60.28559090086115,-13.18403964632445,,True,446.28906250000006,932.6171875000002,2.3437142008433856e-13,sigmoid-scaled XCT-derived continuous quality candidate; direction unresolved
test_z_216,216,2,0.7617063522338867,6,78,288.0859375,709.9609375,288.0859375,709.9609375,6.0,78.0,0.0,0.0,True,True,True,6.0,True,True,True,1.0520623363573929,70.46626674703796,-25.490506702127927,,True,288.0859375000001,709.9609375000001,1.6077746776921858e-13,sigmoid-scaled XCT-derived continuous quality candidate; direction unresolved
test_z_216,216,3,0.759810745716095,22,136,381.8359375,1049.8046875,381.8359375,1049.8046875,22.0,136.0,0.0,0.0,True,True,True,22.0,True,True,True,1.030132540069454,64.93752088802627,-6.302478372714337,,True,381.8359375000001,1049.8046875000002,2.5421149729252077e-13,sigmoid-scaled XCT-derived continuous quality candidate; direction unresolved
test_z_216,216,4,0.7592952847480774,4,60,276.3671875,604.4921875,276.3671875,604.4921875,4.0,60.0,0.0,0.0,True,True,True,4.0,True,True,True,1.0584450916122403,70.9811962192693,-31.321561676089026,,True,276.36718750000017,604.4921875000001,2.0495186137532011e-13,sigmoid-scaled XCT-derived continuous quality candidate; direction unresolved
test_z_216,216,5,0.7591819763183594,11,79,317.3828125,715.8203125,317.3828125,715.8203125,11.0,79.0,0.0,0.0,True,True,True,11.0,True,True,True,1.0510103181393091,68.519893291943,-25.22310412944738,,True,317.38281250000034,715.8203125,3.410605131648481e-13,sigmoid-scaled XCT-derived continuous quality candidate; direction unresolved
test_z_217,217,1,0.7616204619407654,33,116,446.2890625,932.6171875,446.2890625,932.6171875,33.0,116.0,0.0,0.0,True,True,True,33.0,True,True,True,1.0353382843579102,60.28559090086115,-13.18403964632445,,True,446.28906250000006,932.6171875000002,2.3437142008433856e-13,sigmoid-scaled XCT-derived continuous quality candidate; direction unresolved
test_z_217,217,2,0.7605719566345215,22,136,381.8359375,1049.8046875,381.8359375,1049.8046875,22.0,136.0,0.0,0.0,True,True,True,22.0,True,True,True,1.030132540069454,64.93752088802627,-6.302478372714337,,True,381.8359375000001,1049.8046875000002,2.5421149729252077e-13,sigmoid-scaled XCT-derived continuous quality candidate; direction unresolved
test_z_217,217,3,0.7603687047958374,4,81,276.3671875,727.5390625,276.3671875,727.5390625,4.0,81.0,0.0,0.0,True,True,True,4.0,True,True,True,1.0513314036963373,71.29478590918127,-24.484015884852777,,True,276.3671875,727.5390625000001,1.1368683772161603e-13,sigmoid-scaled XCT-derived continuous quality candidate; direction unresolved
test_z_217,217,4,0.7596895694732666,4,60,276.3671875,604.4921875,276.3671875,604.4921875,4.0,60.0,0.0,0.0,True,True,True,4.0,True,True,True,1.0584450916122403,70.9811962192693,-31.321561676089026,,True,276.36718750000017,604.4921875000001,2.0495186137532011e-13,sigmoid-scaled XCT-derived continuous quality candidate; direction unresolved
test_z_217,217,5,0.7591647505760193,11,79,317.3828125,715.8203125,317.3828125,715.8203125,11.0,79.0,0.0,0.0,True,True,True,11.0,True,True,True,1.0510103181393091,68.519893291943,-25.22310412944738,,True,317.38281250000034,715.8203125,3.410605131648481e-13,sigmoid-scaled XCT-derived continuous quality candidate; direction unresolved
test_z_218,218,1,0.7628487944602966,34,120,452.1484375,956.0546875,452.1484375,956.0546875,34.0,120.0,0.0,0.0,True,True,True,34.0,True,True,True,1.0338406419485586,59.9321670173475,-11.846380659142158,,True,452.1484375,956.0546875,0.0,sigmoid-scaled XCT-derived continuous quality candidate; direction unresolved
test_z_218,218,2,0.762323260307312,33,116,446.2890625,932.6171875,446.2890625,932.6171875,33.0,116.0,0.0,0.0,True,True,True,33.0,True,True,True,1.0353382843579102,60.28559090086115,-13.18403964632445,,True,446.28906250000006,932.6171875000002,2.3437142008433856e-13,sigmoid-scaled XCT-derived continuous quality candidate; direction unresolved
test_z_218,218,3,0.7618967294692993,6,77,288.0859375,704.1015625,288.0859375,704.1015625,6.0,77.0,0.0,0.0,True,True,True,6.0,True,True,True,1.0524010834010071,70.45151482826326,-25.817650078576634,,True,288.08593750000017,704.1015625,1.7053025658242404e-13,sigmoid-scaled XCT-derived continuous quality candidate; direction unresolved
test_z_218,218,4,0.7599345445632935,22,136,381.8359375,1049.8046875,381.8359375,1049.8046875,22.0,136.0,0.0,0.0,True,True,True,22.0,True,True,True,1.030132540069454,64.93752088802627,-6.302478372714337,,True,381.8359375000001,1049.8046875000002,2.5421149729252077e-13,sigmoid-scaled XCT-derived continuous quality candidate; direction unresolved
test_z_218,218,5,0.7599168419837952,4,60,276.3671875,604.4921875,276.3671875,604.4921875,4.0,60.0,0.0,0.0,True,True,True,4.0,True,True,True,1.0584450916122403,70.9811962192693,-31.321561676089026,,True,276.36718750000017,604.4921875000001,2.0495186137532011e-13,sigmoid-scaled XCT-derived continuous quality candidate; direction unresolved
test_z_219,219,1,0.7636209726333618,33,116,446.2890625,932.6171875,446.2890625,932.6171875,33.0,116.0,0.0,0.0,True,True,True,33.0,True,True,True,1.0353382843579102,60.28559090086115,-13.18403964632445,,True,446.28906250000006,932.6171875000002,2.3437142008433856e-13,sigmoid-scaled XCT-derived continuous quality candidate; direction unresolved
test_z_219,219,2,0.7607774138450623,22,136,381.8359375,1049.8046875,381.8359375,1049.8046875,22.0,136.0,0.0,0.0,True,True,True,22.0,True,True,True,1.030132540069454,64.93752088802627,-6.302478372714337,,True,381.8359375000001,1049.8046875000002,2.5421149729252077e-13,sigmoid-scaled XCT-derived continuous quality candidate; direction unresolved
test_z_219,219,3,0.7606192231178284,6,78,288.0859375,709.9609375,288.0859375,709.9609375,6.0,78.0,0.0,0.0,True,True,True,6.0,True,True,True,1.0520623363573929,70.46626674703796,-25.490506702127927,,True,288.0859375000001,709.9609375000001,1.6077746776921858e-13,sigmoid-scaled XCT-derived continuous quality candidate; direction unresolved
test_z_219,219,4,0.7588207125663757,11,79,317.3828125,715.8203125,317.3828125,715.8203125,11.0,79.0,0.0,0.0,True,True,True,11.0,True,True,True,1.0510103181393091,68.519893291943,-25.22310412944738,,True,317.38281250000034,715.8203125,3.410605131648481e-13,sigmoid-scaled XCT-derived continuous quality candidate; direction unresolved
test_z_219,219,5,0.7587148547172546,4,60,276.3671875,604.4921875,276.3671875,604.4921875,4.0,60.0,0.0,0.0,True,True,True,4.0,True,True,True,1.0584450916122403,70.9811962192693,-31.321561676089026,,True,276.36718750000017,604.4921875000001,2.0495186137532011e-13,sigmoid-scaled XCT-derived continuous quality candidate; direction unresolved
test_z_220,220,1,0.7630714774131775,33,117,446.2890625,938.4765625,446.2890625,938.4765625,33.0,117.0,0.0,0.0,True,True,True,33.0,True,True,True,1.0349995373142957,60.29725879154175,-12.847368169118994,,True,446.28906250000006,938.4765625000001,1.2710574864626038e-13,sigmoid-scaled XCT-derived continuous quality candidate; direction unresolved
test_z_220,220,2,0.7609356045722961,22,136,381.8359375,1049.8046875,381.8359375,1049.8046875,22.0,136.0,0.0,0.0,True,True,True,22.0,True,True,True,1.030132540069454,64.93752088802627,-6.302478372714337,,True,381.8359375000001,1049.8046875000002,2.5421149729252077e-13,sigmoid-scaled XCT-derived continuous quality candidate; direction unresolved
test_z_220,220,3,0.7604647278785706,6,78,288.0859375,709.9609375,288.0859375,709.9609375,6.0,78.0,0.0,0.0,True,True,True,6.0,True,True,True,1.0520623363573929,70.46626674703796,-25.490506702127927,,True,288.0859375000001,709.9609375000001,1.6077746776921858e-13,sigmoid-scaled XCT-derived continuous quality candidate; direction unresolved
test_z_220,220,4,0.7599570155143738,4,60,276.3671875,604.4921875,276.3671875,604.4921875,4.0,60.0,0.0,0.0,True,True,True,4.0,True,True,True,1.0584450916122403,70.9811962192693,-31.321561676089026,,True,276.36718750000017,604.4921875000001,2.0495186137532011e-13,sigmoid-scaled XCT-derived continuous quality candidate; direction unresolved
test_z_220,220,5,0.7592442631721497,11,79,317.3828125,715.8203125,317.3828125,715.8203125,11.0,79.0,0.0,0.0,True,True,True,11.0,True,True,True,1.0510103181393091,68.519893291943,-25.22310412944738,,True,317.38281250000034,715.8203125,3.410605131648481e-13,sigmoid-scaled XCT-derived continuous quality candidate; direction unresolved
test_z_221,221,1,0.761445939540863,33,117,446.2890625,938.4765625,446.2890625,938.4765625,33.0,117.0,0.0,0.0,True,True,True,33.0,True,True,True,1.0349995373142957,60.29725879154175,-12.847368169118994,,True,446.28906250000006,938.4765625000001,1.2710574864626038e-13,sigmoid-scaled XCT-derived continuous quality candidate; direction unresolved
test_z_221,221,2,0.7598745226860046,5,78,282.2265625,709.9609375,282.2265625,709.9609375,5.0,78.0,0.0,0.0,True,True,True,5.0,True,True,True,1.0522049905922866,70.85805038957662,-25.478485626124062,,True,282.22656250000006,709.9609375,5.684341886080802e-14,sigmoid-scaled XCT-derived continuous quality candidate; direction unresolved
test_z_221,221,3,0.7594755291938782,22,136,381.8359375,1049.8046875,381.8359375,1049.8046875,22.0,136.0,0.0,0.0,True,True,True,22.0,True,True,True,1.030132540069454,64.93752088802627,-6.302478372714337,,True,381.8359375000001,1049.8046875000002,2.5421149729252077e-13,sigmoid-scaled XCT-derived continuous quality candidate; direction unresolved
test_z_221,221,4,0.7587364315986633,4,60,276.3671875,604.4921875,276.3671875,604.4921875,4.0,60.0,0.0,0.0,True,True,True,4.0,True,True,True,1.0584450916122403,70.9811962192693,-31.321561676089026,,True,276.36718750000017,604.4921875000001,2.0495186137532011e-13,sigmoid-scaled XCT-derived continuous quality candidate; direction unresolved
test_z_221,221,5,0.7586702704429626,11,79,317.3828125,715.8203125,317.3828125,715.8203125,11.0,79.0,0.0,0.0,True,True,True,11.0,True,True,True,1.0510103181393091,68.519893291943,-25.22310412944738,,True,317.38281250000034,715.8203125,3.410605131648481e-13,sigmoid-scaled XCT-derived continuous quality candidate; direction unresolved
test_z_222,222,1,0.7624611258506775,33,116,446.2890625,932.6171875,446.2890625,932.6171875,33.0,116.0,0.0,0.0,True,True,True,33.0,True,True,True,1.0353382843579102,60.28559090086115,-13.18403964632445,,True,446.28906250000006,932.6171875000002,2.3437142008433856e-13,sigmoid-scaled XCT-derived continuous quality candidate; direction unresolved
test_z_222,222,2,0.7610657215118408,5,77,282.2265625,704.1015625,282.2265625,704.1015625,5.0,77.0,0.0,0.0,True,True,True,5.0,True,True,True,1.052543737635901,70.843174379876,-25.80558853272568,,True,282.2265625000001,704.1015625,1.1368683772161603e-13,sigmoid-scaled XCT-derived continuous quality candidate; direction unresolved
test_z_222,222,3,0.7601621150970459,22,136,381.8359375,1049.8046875,381.8359375,1049.8046875,22.0,136.0,0.0,0.0,True,True,True,22.0,True,True,True,1.030132540069454,64.93752088802627,-6.302478372714337,,True,381.8359375000001,1049.8046875000002,2.5421149729252077e-13,sigmoid-scaled XCT-derived continuous quality candidate; direction unresolved
test_z_222,222,4,0.7597936987876892,4,60,276.3671875,604.4921875,276.3671875,604.4921875,4.0,60.0,0.0,0.0,True,True,True,4.0,True,True,True,1.0584450916122403,70.9811962192693,-31.321561676089026,,True,276.36718750000017,604.4921875000001,2.0495186137532011e-13,sigmoid-scaled XCT-derived continuous quality candidate; direction unresolved
test_z_222,222,5,0.7590835690498352,11,79,317.3828125,715.8203125,317.3828125,715.8203125,11.0,79.0,0.0,0.0,True,True,True,11.0,True,True,True,1.0510103181393091,68.519893291943,-25.22310412944738,,True,317.38281250000034,715.8203125,3.410605131648481e-13,sigmoid-scaled XCT-derived continuous quality candidate; direction unresolved
test_z_223,223,1,0.76308274269104,34,119,452.1484375,950.1953125,452.1484375,950.1953125,34.0,119.0,0.0,0.0,True,True,True,34.0,True,True,True,1.034179388992173,59.92060563806704,-12.183757283425736,,True,452.14843750000006,950.1953125000001,1.2710574864626038e-13,sigmoid-scaled XCT-derived continuous quality candidate; direction unresolved
test_z_223,223,2,0.759867250919342,6,77,288.0859375,704.1015625,288.0859375,704.1015625,6.0,77.0,0.0,0.0,True,True,True,6.0,True,True,True,1.0524010834010071,70.45151482826326,-25.817650078576634,,True,288.08593750000017,704.1015625,1.7053025658242404e-13,sigmoid-scaled XCT-derived continuous quality candidate; direction unresolved
test_z_223,223,3,0.7595427632331848,22,136,381.8359375,1049.8046875,381.8359375,1049.8046875,22.0,136.0,0.0,0.0,True,True,True,22.0,True,True,True,1.030132540069454,64.93752088802627,-6.302478372714337,,True,381.8359375000001,1049.8046875000002,2.5421149729252077e-13,sigmoid-scaled XCT-derived continuous quality candidate; direction unresolved
test_z_223,223,4,0.7589390277862549,4,60,276.3671875,604.4921875,276.3671875,604.4921875,4.0,60.0,0.0,0.0,True,True,True,4.0,True,True,True,1.0584450916122403,70.9811962192693,-31.321561676089026,,True,276.36718750000017,604.4921875000001,2.0495186137532011e-13,sigmoid-scaled XCT-derived continuous quality candidate; direction unresolved
test_z_223,223,5,0.7589062452316284,36,124,463.8671875,979.4921875,463.8671875,979.4921875,36.0,124.0,0.0,0.0,True,True,True,36.0,True,True,True,1.0322003453043131,59.176836214946825,-10.515023502273543,,True,463.8671875,979.4921875,0.0,sigmoid-scaled XCT-derived continuous quality candidate; direction unresolved
test_z_224,224,1,0.7617692947387695,34,119,452.1484375,950.1953125,452.1484375,950.1953125,34.0,119.0,0.0,0.0,True,True,True,34.0,True,True,True,1.034179388992173,59.92060563806704,-12.183757283425736,,True,452.14843750000006,950.1953125000001,1.2710574864626038e-13,sigmoid-scaled XCT-derived continuous quality candidate; direction unresolved
test_z_224,224,2,0.761379063129425,5,77,282.2265625,704.1015625,282.2265625,704.1015625,5.0,77.0,0.0,0.0,True,True,True,5.0,True,True,True,1.052543737635901,70.843174379876,-25.80558853272568,,True,282.2265625000001,704.1015625,1.1368683772161603e-13,sigmoid-scaled XCT-derived continuous quality candidate; direction unresolved
test_z_224,224,3,0.7601543664932251,22,136,381.8359375,1049.8046875,381.8359375,1049.8046875,22.0,136.0,0.0,0.0,True,True,True,22.0,True,True,True,1.030132540069454,64.93752088802627,-6.302478372714337,,True,381.8359375000001,1049.8046875000002,2.5421149729252077e-13,sigmoid-scaled XCT-derived continuous quality candidate; direction unresolved
test_z_224,224,4,0.7593642473220825,4,60,276.3671875,604.4921875,276.3671875,604.4921875,4.0,60.0,0.0,0.0,True,True,True,4.0,True,True,True,1.0584450916122403,70.9811962192693,-31.321561676089026,,True,276.36718750000017,604.4921875000001,2.0495186137532011e-13,sigmoid-scaled XCT-derived continuous quality candidate; direction unresolved
test_z_224,224,5,0.7588707804679871,11,79,317.3828125,715.8203125,317.3828125,715.8203125,11.0,79.0,0.0,0.0,True,True,True,11.0,True,True,True,1.0510103181393091,68.519893291943,-25.22310412944738,,True,317.38281250000034,715.8203125,3.410605131648481e-13,sigmoid-scaled XCT-derived continuous quality candidate; direction unresolved
test_z_225,225,1,0.7619904279708862,5,77,282.2265625,704.1015625,282.2265625,704.1015625,5.0,77.0,0.0,0.0,True,True,True,5.0,True,True,True,1.052543737635901,70.843174379876,-25.80558853272568,,True,282.2265625000001,704.1015625,1.1368683772161603e-13,sigmoid-scaled XCT-derived continuous quality candidate; direction unresolved
test_z_225,225,2,0.7614025473594666,33,116,446.2890625,932.6171875,446.2890625,932.6171875,33.0,116.0,0.0,0.0,True,True,True,33.0,True,True,True,1.0353382843579102,60.28559090086115,-13.18403964632445,,True,446.28906250000006,932.6171875000002,2.3437142008433856e-13,sigmoid-scaled XCT-derived continuous quality candidate; direction unresolved
test_z_225,225,3,0.7595022320747375,22,136,381.8359375,1049.8046875,381.8359375,1049.8046875,22.0,136.0,0.0,0.0,True,True,True,22.0,True,True,True,1.030132540069454,64.93752088802627,-6.302478372714337,,True,381.8359375000001,1049.8046875000002,2.5421149729252077e-13,sigmoid-scaled XCT-derived continuous quality candidate; direction unresolved
test_z_225,225,4,0.7590566277503967,4,60,276.3671875,604.4921875,276.3671875,604.4921875,4.0,60.0,0.0,0.0,True,True,True,4.0,True,True,True,1.0584450916122403,70.9811962192693,-31.321561676089026,,True,276.36718750000017,604.4921875000001,2.0495186137532011e-13,sigmoid-scaled XCT-derived continuous quality candidate; direction unresolved
test_z_225,225,5,0.7585538625717163,11,79,317.3828125,715.8203125,317.3828125,715.8203125,11.0,79.0,0.0,0.0,True,True,True,11.0,True,True,True,1.0510103181393091,68.519893291943,-25.22310412944738,,True,317.38281250000034,715.8203125,3.410605131648481e-13,sigmoid-scaled XCT-derived continuous quality candidate; direction unresolved
test_z_226,226,1,0.7623150944709778,5,77,282.2265625,704.1015625,282.2265625,704.1015625,5.0,77.0,0.0,0.0,True,True,True,5.0,True,True,True,1.052543737635901,70.843174379876,-25.80558853272568,,True,282.2265625000001,704.1015625,1.1368683772161603e-13,sigmoid-scaled XCT-derived continuous quality candidate; direction unresolved
test_z_226,226,2,0.7613566517829895,33,116,446.2890625,932.6171875,446.2890625,932.6171875,33.0,116.0,0.0,0.0,True,True,True,33.0,True,True,True,1.0353382843579102,60.28559090086115,-13.18403964632445,,True,446.28906250000006,932.6171875000002,2.3437142008433856e-13,sigmoid-scaled XCT-derived continuous quality candidate; direction unresolved
test_z_226,226,3,0.7597811818122864,4,60,276.3671875,604.4921875,276.3671875,604.4921875,4.0,60.0,0.0,0.0,True,True,True,4.0,True,True,True,1.0584450916122403,70.9811962192693,-31.321561676089026,,True,276.36718750000017,604.4921875000001,2.0495186137532011e-13,sigmoid-scaled XCT-derived continuous quality candidate; direction unresolved
test_z_226,226,4,0.7593185305595398,22,136,381.8359375,1049.8046875,381.8359375,1049.8046875,22.0,136.0,0.0,0.0,True,True,True,22.0,True,True,True,1.030132540069454,64.93752088802627,-6.302478372714337,,True,381.8359375000001,1049.8046875000002,2.5421149729252077e-13,sigmoid-scaled XCT-derived continuous quality candidate; direction unresolved
test_z_226,226,5,0.7587364315986633,11,79,317.3828125,715.8203125,317.3828125,715.8203125,11.0,79.0,0.0,0.0,True,True,True,11.0,True,True,True,1.0510103181393091,68.519893291943,-25.22310412944738,,True,317.38281250000034,715.8203125,3.410605131648481e-13,sigmoid-scaled XCT-derived continuous quality candidate; direction unresolved
test_z_227,227,1,0.7622657418251038,34,119,452.1484375,950.1953125,452.1484375,950.1953125,34.0,119.0,0.0,0.0,True,True,True,34.0,True,True,True,1.034179388992173,59.92060563806704,-12.183757283425736,,True,452.14843750000006,950.1953125000001,1.2710574864626038e-13,sigmoid-scaled XCT-derived continuous quality candidate; direction unresolved
test_z_227,227,2,0.7612138390541077,5,77,282.2265625,704.1015625,282.2265625,704.1015625,5.0,77.0,0.0,0.0,True,True,True,5.0,True,True,True,1.052543737635901,70.843174379876,-25.80558853272568,,True,282.2265625000001,704.1015625,1.1368683772161603e-13,sigmoid-scaled XCT-derived continuous quality candidate; direction unresolved
test_z_227,227,3,0.7595736384391785,22,136,381.8359375,1049.8046875,381.8359375,1049.8046875,22.0,136.0,0.0,0.0,True,True,True,22.0,True,True,True,1.030132540069454,64.93752088802627,-6.302478372714337,,True,381.8359375000001,1049.8046875000002,2.5421149729252077e-13,sigmoid-scaled XCT-derived continuous quality candidate; direction unresolved
test_z_227,227,4,0.7594267129898071,4,60,276.3671875,604.4921875,276.3671875,604.4921875,4.0,60.0,0.0,0.0,True,True,True,4.0,True,True,True,1.0584450916122403,70.9811962192693,-31.321561676089026,,True,276.36718750000017,604.4921875000001,2.0495186137532011e-13,sigmoid-scaled XCT-derived continuous quality candidate; direction unresolved
test_z_227,227,5,0.7583168148994446,11,79,317.3828125,715.8203125,317.3828125,715.8203125,11.0,79.0,0.0,0.0,True,True,True,11.0,True,True,True,1.0510103181393091,68.519893291943,-25.22310412944738,,True,317.38281250000034,715.8203125,3.410605131648481e-13,sigmoid-scaled XCT-derived continuous quality candidate; direction unresolved
test_z_228,228,1,0.7631628513336182,33,116,446.2890625,932.6171875,446.2890625,932.6171875,33.0,116.0,0.0,0.0,True,True,True,33.0,True,True,True,1.0353382843579102,60.28559090086115,-13.18403964632445,,True,446.28906250000006,932.6171875000002,2.3437142008433856e-13,sigmoid-scaled XCT-derived continuous quality candidate; direction unresolved
test_z_228,228,2,0.7614538669586182,5,77,282.2265625,704.1015625,282.2265625,704.1015625,5.0,77.0,0.0,0.0,True,True,True,5.0,True,True,True,1.052543737635901,70.843174379876,-25.80558853272568,,True,282.2265625000001,704.1015625,1.1368683772161603e-13,sigmoid-scaled XCT-derived continuous quality candidate; direction unresolved
test_z_228,228,3,0.7596180438995361,4,60,276.3671875,604.4921875,276.3671875,604.4921875,4.0,60.0,0.0,0.0,True,True,True,4.0,True,True,True,1.0584450916122403,70.9811962192693,-31.321561676089026,,True,276.36718750000017,604.4921875000001,2.0495186137532011e-13,sigmoid-scaled XCT-derived continuous quality candidate; direction unresolved
test_z_228,228,4,0.7596108913421631,22,136,381.8359375,1049.8046875,381.8359375,1049.8046875,22.0,136.0,0.0,0.0,True,True,True,22.0,True,True,True,1.030132540069454,64.93752088802627,-6.302478372714337,,True,381.8359375000001,1049.8046875000002,2.5421149729252077e-13,sigmoid-scaled XCT-derived continuous quality candidate; direction unresolved
test_z_228,228,5,0.7578673362731934,11,79,317.3828125,715.8203125,317.3828125,715.8203125,11.0,79.0,0.0,0.0,True,True,True,11.0,True,True,True,1.0510103181393091,68.519893291943,-25.22310412944738,,True,317.38281250000034,715.8203125,3.410605131648481e-13,sigmoid-scaled XCT-derived continuous quality candidate; direction unresolved
test_z_229,229,1,0.7616540193557739,32,116,440.4296875,932.6171875,440.4296875,932.6171875,32.0,116.0,0.0,0.0,True,True,True,32.0,True,True,True,1.035480938592804,60.68510479340786,-13.173519832665418,,True,440.4296875000001,932.6171875000001,1.6077746776921858e-13,sigmoid-scaled XCT-derived continuous quality candidate; direction unresolved
test_z_229,229,2,0.7613523602485657,5,78,282.2265625,709.9609375,282.2265625,709.9609375,5.0,78.0,0.0,0.0,True,True,True,5.0,True,True,True,1.0522049905922866,70.85805038957662,-25.478485626124062,,True,282.22656250000006,709.9609375,5.684341886080802e-14,sigmoid-scaled XCT-derived continuous quality candidate; direction unresolved
test_z_229,229,3,0.7596874833106995,22,136,381.8359375,1049.8046875,381.8359375,1049.8046875,22.0,136.0,0.0,0.0,True,True,True,22.0,True,True,True,1.030132540069454,64.93752088802627,-6.302478372714337,,True,381.8359375000001,1049.8046875000002,2.5421149729252077e-13,sigmoid-scaled XCT-derived continuous quality candidate; direction unresolved
test_z_229,229,4,0.7593664526939392,4,60,276.3671875,604.4921875,276.3671875,604.4921875,4.0,60.0,0.0,0.0,True,True,True,4.0,True,True,True,1.0584450916122403,70.9811962192693,-31.321561676089026,,True,276.36718750000017,604.4921875000001,2.0495186137532011e-13,sigmoid-scaled XCT-derived continuous quality candidate; direction unresolved
test_z_229,229,5,0.7583686709403992,11,79,317.3828125,715.8203125,317.3828125,715.8203125,11.0,79.0,0.0,0.0,True,True,True,11.0,True,True,True,1.0510103181393091,68.519893291943,-25.22310412944738,,True,317.38281250000034,715.8203125,3.410605131648481e-13,sigmoid-scaled XCT-derived continuous quality candidate; direction unresolved
test_z_230,230,1,0.761843740940094,33,116,446.2890625,932.6171875,446.2890625,932.6171875,33.0,116.0,0.0,0.0,True,True,True,33.0,True,True,True,1.0353382843579102,60.28559090086115,-13.18403964632445,,True,446.28906250000006,932.6171875000002,2.3437142008433856e-13,sigmoid-scaled XCT-derived continuous quality candidate; direction unresolved
test_z_230,230,2,0.7616519927978516,5,78,282.2265625,709.9609375,282.2265625,709.9609375,5.0,78.0,0.0,0.0,True,True,True,5.0,True,True,True,1.0522049905922866,70.85805038957662,-25.478485626124062,,True,282.22656250000006,709.9609375,5.684341886080802e-14,sigmoid-scaled XCT-derived continuous quality candidate; direction unresolved
test_z_230,230,3,0.7603665590286255,22,136,381.8359375,1049.8046875,381.8359375,1049.8046875,22.0,136.0,0.0,0.0,True,True,True,22.0,True,True,True,1.030132540069454,64.93752088802627,-6.302478372714337,,True,381.8359375000001,1049.8046875000002,2.5421149729252077e-13,sigmoid-scaled XCT-derived continuous quality candidate; direction unresolved
test_z_230,230,4,0.7594124674797058,4,60,276.3671875,604.4921875,276.3671875,604.4921875,4.0,60.0,0.0,0.0,True,True,True,4.0,True,True,True,1.0584450916122403,70.9811962192693,-31.321561676089026,,True,276.36718750000017,604.4921875000001,2.0495186137532011e-13,sigmoid-scaled XCT-derived continuous quality candidate; direction unresolved
test_z_230,230,5,0.7580628991127014,11,79,317.3828125,715.8203125,317.3828125,715.8203125,11.0,79.0,0.0,0.0,True,True,True,11.0,True,True,True,1.0510103181393091,68.519893291943,-25.22310412944738,,True,317.38281250000034,715.8203125,3.410605131648481e-13,sigmoid-scaled XCT-derived continuous quality candidate; direction unresolved
test_z_231,231,1,0.7625614404678345,32,116,440.4296875,932.6171875,440.4296875,932.6171875,32.0,116.0,0.0,0.0,True,True,True,32.0,True,True,True,1.035480938592804,60.68510479340786,-13.173519832665418,,True,440.4296875000001,932.6171875000001,1.6077746776921858e-13,sigmoid-scaled XCT-derived continuous quality candidate; direction unresolved
test_z_231,231,2,0.7613750696182251,5,77,282.2265625,704.1015625,282.2265625,704.1015625,5.0,77.0,0.0,0.0,True,True,True,5.0,True,True,True,1.052543737635901,70.843174379876,-25.80558853272568,,True,282.2265625000001,704.1015625,1.1368683772161603e-13,sigmoid-scaled XCT-derived continuous quality candidate; direction unresolved
test_z_231,231,3,0.7596447467803955,4,60,276.3671875,604.4921875,276.3671875,604.4921875,4.0,60.0,0.0,0.0,True,True,True,4.0,True,True,True,1.0584450916122403,70.9811962192693,-31.321561676089026,,True,276.36718750000017,604.4921875000001,2.0495186137532011e-13,sigmoid-scaled XCT-derived continuous quality candidate; direction unresolved
test_z_231,231,4,0.7595989108085632,22,136,381.8359375,1049.8046875,381.8359375,1049.8046875,22.0,136.0,0.0,0.0,True,True,True,22.0,True,True,True,1.030132540069454,64.93752088802627,-6.302478372714337,,True,381.8359375000001,1049.8046875000002,2.5421149729252077e-13,sigmoid-scaled XCT-derived continuous quality candidate; direction unresolved
test_z_231,231,5,0.7565209865570068,36,126,463.8671875,991.2109375,463.8671875,991.2109375,36.0,126.0,0.0,0.0,True,True,True,36.0,True,True,True,1.0315228512170844,59.19952242896545,-9.837658102078054,,True,463.8671875000001,991.2109375000001,1.6077746776921858e-13,sigmoid-scaled XCT-derived continuous quality candidate; direction unresolved
test_z_232,232,1,0.7627009749412537,5,78,282.2265625,709.9609375,282.2265625,709.9609375,5.0,78.0,0.0,0.0,True,True,True,5.0,True,True,True,1.0522049905922866,70.85805038957662,-25.478485626124062,,True,282.22656250000006,709.9609375,5.684341886080802e-14,sigmoid-scaled XCT-derived continuous quality candidate; direction unresolved
test_z_232,232,2,0.7619960904121399,33,116,446.2890625,932.6171875,446.2890625,932.6171875,33.0,116.0,0.0,0.0,True,True,True,33.0,True,True,True,1.0353382843579102,60.28559090086115,-13.18403964632445,,True,446.28906250000006,932.6171875000002,2.3437142008433856e-13,sigmoid-scaled XCT-derived continuous quality candidate; direction unresolved
test_z_232,232,3,0.7604119181632996,22,136,381.8359375,1049.8046875,381.8359375,1049.8046875,22.0,136.0,0.0,0.0,True,True,True,22.0,True,True,True,1.030132540069454,64.93752088802627,-6.302478372714337,,True,381.8359375000001,1049.8046875000002,2.5421149729252077e-13,sigmoid-scaled XCT-derived continuous quality candidate; direction unresolved
test_z_232,232,4,0.7594566941261292,4,60,276.3671875,604.4921875,276.3671875,604.4921875,4.0,60.0,0.0,0.0,True,True,True,4.0,True,True,True,1.0584450916122403,70.9811962192693,-31.321561676089026,,True,276.36718750000017,604.4921875000001,2.0495186137532011e-13,sigmoid-scaled XCT-derived continuous quality candidate; direction unresolved
test_z_232,232,5,0.7582347989082336,11,79,317.3828125,715.8203125,317.3828125,715.8203125,11.0,79.0,0.0,0.0,True,True,True,11.0,True,True,True,1.0510103181393091,68.519893291943,-25.22310412944738,,True,317.38281250000034,715.8203125,3.410605131648481e-13,sigmoid-scaled XCT-derived continuous quality candidate; direction unresolved
test_z_233,233,1,0.7626782655715942,5,78,282.2265625,709.9609375,282.2265625,709.9609375,5.0,78.0,0.0,0.0,True,True,True,5.0,True,True,True,1.0522049905922866,70.85805038957662,-25.478485626124062,,True,282.22656250000006,709.9609375,5.684341886080802e-14,sigmoid-scaled XCT-derived continuous quality candidate; direction unresolved
test_z_233,233,2,0.7622485160827637,33,116,446.2890625,932.6171875,446.2890625,932.6171875,33.0,116.0,0.0,0.0,True,True,True,33.0,True,True,True,1.0353382843579102,60.28559090086115,-13.18403964632445,,True,446.28906250000006,932.6171875000002,2.3437142008433856e-13,sigmoid-scaled XCT-derived continuous quality candidate; direction unresolved
test_z_233,233,3,0.759706437587738,22,136,381.8359375,1049.8046875,381.8359375,1049.8046875,22.0,136.0,0.0,0.0,True,True,True,22.0,True,True,True,1.030132540069454,64.93752088802627,-6.302478372714337,,True,381.8359375000001,1049.8046875000002,2.5421149729252077e-13,sigmoid-scaled XCT-derived continuous quality candidate; direction unresolved
test_z_233,233,4,0.7590016722679138,4,60,276.3671875,604.4921875,276.3671875,604.4921875,4.0,60.0,0.0,0.0,True,True,True,4.0,True,True,True,1.0584450916122403,70.9811962192693,-31.321561676089026,,True,276.36718750000017,604.4921875000001,2.0495186137532011e-13,sigmoid-scaled XCT-derived continuous quality candidate; direction unresolved
test_z_233,233,5,0.7566839456558228,35,125,458.0078125,985.3515625,458.0078125,985.3515625,35.0,125.0,0.0,0.0,True,True,True,35.0,True,True,True,1.0320042524955926,59.58918709629386,-10.166312473556355,,True,458.0078125,985.3515625000001,1.1368683772161603e-13,sigmoid-scaled XCT-derived continuous quality candidate; direction unresolved
test_z_234,234,1,0.7623691558837891,33,116,446.2890625,932.6171875,446.2890625,932.6171875,33.0,116.0,0.0,0.0,True,True,True,33.0,True,True,True,1.0353382843579102,60.28559090086115,-13.18403964632445,,True,446.28906250000006,932.6171875000002,2.3437142008433856e-13,sigmoid-scaled XCT-derived continuous quality candidate; direction unresolved
test_z_234,234,2,0.7621660232543945,5,78,282.2265625,709.9609375,282.2265625,709.9609375,5.0,78.0,0.0,0.0,True,True,True,5.0,True,True,True,1.0522049905922866,70.85805038957662,-25.478485626124062,,True,282.22656250000006,709.9609375,5.684341886080802e-14,sigmoid-scaled XCT-derived continuous quality candidate; direction unresolved
test_z_234,234,3,0.7598357796669006,22,136,381.8359375,1049.8046875,381.8359375,1049.8046875,22.0,136.0,0.0,0.0,True,True,True,22.0,True,True,True,1.030132540069454,64.93752088802627,-6.302478372714337,,True,381.8359375000001,1049.8046875000002,2.5421149729252077e-13,sigmoid-scaled XCT-derived continuous quality candidate; direction unresolved
test_z_234,234,4,0.7595190405845642,3,60,270.5078125,604.4921875,270.5078125,604.4921875,3.0,60.0,0.0,0.0,True,True,True,3.0,True,True,True,1.0585877458471342,71.37054821078688,-31.30882729398194,,True,270.50781250000045,604.4921875000001,4.687428401686771e-13,sigmoid-scaled XCT-derived continuous quality candidate; direction unresolved
test_z_234,234,5,0.7589975595474243,35,120,458.0078125,956.0546875,458.0078125,956.0546875,35.0,120.0,0.0,0.0,True,True,True,35.0,True,True,True,1.0336979877136647,59.53191525835555,-11.856734015663411,,True,458.00781249999994,956.0546875000001,1.2710574864626038e-13,sigmoid-scaled XCT-derived continuous quality candidate; direction unresolved
test_z_235,235,1,0.7612807154655457,33,116,446.2890625,932.6171875,446.2890625,932.6171875,33.0,116.0,0.0,0.0,True,True,True,33.0,True,True,True,1.0353382843579102,60.28559090086115,-13.18403964632445,,True,446.28906250000006,932.6171875000002,2.3437142008433856e-13,sigmoid-scaled XCT-derived continuous quality candidate; direction unresolved
test_z_235,235,2,0.760574460029602,5,78,282.2265625,709.9609375,282.2265625,709.9609375,5.0,78.0,0.0,0.0,True,True,True,5.0,True,True,True,1.0522049905922866,70.85805038957662,-25.478485626124062,,True,282.22656250000006,709.9609375,5.684341886080802e-14,sigmoid-scaled XCT-derived continuous quality candidate; direction unresolved
test_z_235,235,3,0.7595533728599548,35,120,458.0078125,956.0546875,458.0078125,956.0546875,35.0,120.0,0.0,0.0,True,True,True,35.0,True,True,True,1.0336979877136647,59.53191525835555,-11.856734015663411,,True,458.00781249999994,956.0546875000001,1.2710574864626038e-13,sigmoid-scaled XCT-derived continuous quality candidate; direction unresolved
test_z_235,235,4,0.7593203186988831,4,60,276.3671875,604.4921875,276.3671875,604.4921875,4.0,60.0,0.0,0.0,True,True,True,4.0,True,True,True,1.0584450916122403,70.9811962192693,-31.321561676089026,,True,276.36718750000017,604.4921875000001,2.0495186137532011e-13,sigmoid-scaled XCT-derived continuous quality candidate; direction unresolved
test_z_235,235,5,0.759221076965332,22,136,381.8359375,1049.8046875,381.8359375,1049.8046875,22.0,136.0,0.0,0.0,True,True,True,22.0,True,True,True,1.030132540069454,64.93752088802627,-6.302478372714337,,True,381.8359375000001,1049.8046875000002,2.5421149729252077e-13,sigmoid-scaled XCT-derived continuous quality candidate; direction unresolved
test_z_236,236,1,0.7645519375801086,33,116,446.2890625,932.6171875,446.2890625,932.6171875,33.0,116.0,0.0,0.0,True,True,True,33.0,True,True,True,1.0353382843579102,60.28559090086115,-13.18403964632445,,True,446.28906250000006,932.6171875000002,2.3437142008433856e-13,sigmoid-scaled XCT-derived continuous quality candidate; direction unresolved
test_z_236,236,2,0.7633967995643616,5,78,282.2265625,709.9609375,282.2265625,709.9609375,5.0,78.0,0.0,0.0,True,True,True,5.0,True,True,True,1.0522049905922866,70.85805038957662,-25.478485626124062,,True,282.22656250000006,709.9609375,5.684341886080802e-14,sigmoid-scaled XCT-derived continuous quality candidate; direction unresolved
test_z_236,236,3,0.7604137063026428,22,136,381.8359375,1049.8046875,381.8359375,1049.8046875,22.0,136.0,0.0,0.0,True,True,True,22.0,True,True,True,1.030132540069454,64.93752088802627,-6.302478372714337,,True,381.8359375000001,1049.8046875000002,2.5421149729252077e-13,sigmoid-scaled XCT-derived continuous quality candidate; direction unresolved
test_z_236,236,4,0.7599407434463501,4,60,276.3671875,604.4921875,276.3671875,604.4921875,4.0,60.0,0.0,0.0,True,True,True,4.0,True,True,True,1.0584450916122403,70.9811962192693,-31.321561676089026,,True,276.36718750000017,604.4921875000001,2.0495186137532011e-13,sigmoid-scaled XCT-derived continuous quality candidate; direction unresolved
test_z_236,236,5,0.7556607127189636,12,79,323.2421875,715.8203125,323.2421875,715.8203125,12.0,79.0,0.0,0.0,True,True,True,12.0,True,True,True,1.0508676639044152,68.12734685008658,-25.235104203754826,,True,323.2421875000002,715.8203125000001,2.5421149729252077e-13,sigmoid-scaled XCT-derived continuous quality candidate; direction unresolved
test_z_237,237,1,0.7631821036338806,33,116,446.2890625,932.6171875,446.2890625,932.6171875,33.0,116.0,0.0,0.0,True,True,True,33.0,True,True,True,1.0353382843579102,60.28559090086115,-13.18403964632445,,True,446.28906250000006,932.6171875000002,2.3437142008433856e-13,sigmoid-scaled XCT-derived continuous quality candidate; direction unresolved
test_z_237,237,2,0.7628929615020752,5,78,282.2265625,709.9609375,282.2265625,709.9609375,5.0,78.0,0.0,0.0,True,True,True,5.0,True,True,True,1.0522049905922866,70.85805038957662,-25.478485626124062,,True,282.22656250000006,709.9609375,5.684341886080802e-14,sigmoid-scaled XCT-derived continuous quality candidate; direction unresolved
test_z_237,237,3,0.7600468397140503,22,136,381.8359375,1049.8046875,381.8359375,1049.8046875,22.0,136.0,0.0,0.0,True,True,True,22.0,True,True,True,1.030132540069454,64.93752088802627,-6.302478372714337,,True,381.8359375000001,1049.8046875000002,2.5421149729252077e-13,sigmoid-scaled XCT-derived continuous quality candidate; direction unresolved
test_z_237,237,4,0.7587624788284302,4,60,276.3671875,604.4921875,276.3671875,604.4921875,4.0,60.0,0.0,0.0,True,True,True,4.0,True,True,True,1.0584450916122403,70.9811962192693,-31.321561676089026,,True,276.36718750000017,604.4921875000001,2.0495186137532011e-13,sigmoid-scaled XCT-derived continuous quality candidate; direction unresolved
test_z_237,237,5,0.7574993371963501,10,80,311.5234375,721.6796875,311.5234375,721.6796875,10.0,80.0,0.0,0.0,True,True,True,10.0,True,True,True,1.0508142253305885,68.92660644739185,-24.88337984033731,,True,311.5234375000001,721.6796875000002,2.5421149729252077e-13,sigmoid-scaled XCT-derived continuous quality candidate; direction unresolved
test_z_238,238,1,0.7658567428588867,33,116,446.2890625,932.6171875,446.2890625,932.6171875,33.0,116.0,0.0,0.0,True,True,True,33.0,True,True,True,1.0353382843579102,60.28559090086115,-13.18403964632445,,True,446.28906250000006,932.6171875000002,2.3437142008433856e-13,sigmoid-scaled XCT-derived continuous quality candidate; direction unresolved
test_z_238,238,2,0.7627992033958435,5,78,282.2265625,709.9609375,282.2265625,709.9609375,5.0,78.0,0.0,0.0,True,True,True,5.0,True,True,True,1.0522049905922866,70.85805038957662,-25.478485626124062,,True,282.22656250000006,709.9609375,5.684341886080802e-14,sigmoid-scaled XCT-derived continuous quality candidate; direction unresolved
test_z_238,238,3,0.7595784068107605,22,136,381.8359375,1049.8046875,381.8359375,1049.8046875,22.0,136.0,0.0,0.0,True,True,True,22.0,True,True,True,1.030132540069454,64.93752088802627,-6.302478372714337,,True,381.8359375000001,1049.8046875000002,2.5421149729252077e-13,sigmoid-scaled XCT-derived continuous quality candidate; direction unresolved
test_z_238,238,4,0.7595394849777222,4,60,276.3671875,604.4921875,276.3671875,604.4921875,4.0,60.0,0.0,0.0,True,True,True,4.0,True,True,True,1.0584450916122403,70.9811962192693,-31.321561676089026,,True,276.36718750000017,604.4921875000001,2.0495186137532011e-13,sigmoid-scaled XCT-derived continuous quality candidate; direction unresolved
test_z_238,238,5,0.7561010122299194,10,80,311.5234375,721.6796875,311.5234375,721.6796875,10.0,80.0,0.0,0.0,True,True,True,10.0,True,True,True,1.0508142253305885,68.92660644739185,-24.88337984033731,,True,311.5234375000001,721.6796875000002,2.5421149729252077e-13,sigmoid-scaled XCT-derived continuous quality candidate; direction unresolved
test_z_239,239,1,0.7633336782455444,33,116,446.2890625,932.6171875,446.2890625,932.6171875,33.0,116.0,0.0,0.0,True,True,True,33.0,True,True,True,1.0353382843579102,60.28559090086115,-13.18403964632445,,True,446.28906250000006,932.6171875000002,2.3437142008433856e-13,sigmoid-scaled XCT-derived continuous quality candidate; direction unresolved
test_z_239,239,2,0.7625896334648132,5,78,282.2265625,709.9609375,282.2265625,709.9609375,5.0,78.0,0.0,0.0,True,True,True,5.0,True,True,True,1.0522049905922866,70.85805038957662,-25.478485626124062,,True,282.22656250000006,709.9609375,5.684341886080802e-14,sigmoid-scaled XCT-derived continuous quality candidate; direction unresolved
test_z_239,239,3,0.7601200342178345,22,136,381.8359375,1049.8046875,381.8359375,1049.8046875,22.0,136.0,0.0,0.0,True,True,True,22.0,True,True,True,1.030132540069454,64.93752088802627,-6.302478372714337,,True,381.8359375000001,1049.8046875000002,2.5421149729252077e-13,sigmoid-scaled XCT-derived continuous quality candidate; direction unresolved
test_z_239,239,4,0.7592588067054749,35,125,458.0078125,985.3515625,458.0078125,985.3515625,35.0,125.0,0.0,0.0,True,True,True,35.0,True,True,True,1.0320042524955926,59.58918709629386,-10.166312473556355,,True,458.0078125,985.3515625000001,1.1368683772161603e-13,sigmoid-scaled XCT-derived continuous quality candidate; direction unresolved
test_z_239,239,5,0.7585702538490295,3,60,270.5078125,604.4921875,270.5078125,604.4921875,3.0,60.0,0.0,0.0,True,True,True,3.0,True,True,True,1.0585877458471342,71.37054821078688,-31.30882729398194,,True,270.50781250000045,604.4921875000001,4.687428401686771e-13,sigmoid-scaled XCT-derived continuous quality candidate; direction unresolved
test_z_240,240,1,0.7637537717819214,5,78,282.2265625,709.9609375,282.2265625,709.9609375,5.0,78.0,0.0,0.0,True,True,True,5.0,True,True,True,1.0522049905922866,70.85805038957662,-25.478485626124062,,True,282.22656250000006,709.9609375,5.684341886080802e-14,sigmoid-scaled XCT-derived continuous quality candidate; direction unresolved
test_z_240,240,2,0.7626050114631653,33,116,446.2890625,932.6171875,446.2890625,932.6171875,33.0,116.0,0.0,0.0,True,True,True,33.0,True,True,True,1.0353382843579102,60.28559090086115,-13.18403964632445,,True,446.28906250000006,932.6171875000002,2.3437142008433856e-13,sigmoid-scaled XCT-derived continuous quality candidate; direction unresolved
test_z_240,240,3,0.7606119513511658,22,136,381.8359375,1049.8046875,381.8359375,1049.8046875,22.0,136.0,0.0,0.0,True,True,True,22.0,True,True,True,1.030132540069454,64.93752088802627,-6.302478372714337,,True,381.8359375000001,1049.8046875000002,2.5421149729252077e-13,sigmoid-scaled XCT-derived continuous quality candidate; direction unresolved
test_z_240,240,4,0.7593255639076233,4,60,276.3671875,604.4921875,276.3671875,604.4921875,4.0,60.0,0.0,0.0,True,True,True,4.0,True,True,True,1.0584450916122403,70.9811962192693,-31.321561676089026,,True,276.36718750000017,604.4921875000001,2.0495186137532011e-13,sigmoid-scaled XCT-derived continuous quality candidate; direction unresolved
test_z_240,240,5,0.7571867108345032,35,125,458.0078125,985.3515625,458.0078125,985.3515625,35.0,125.0,0.0,0.0,True,True,True,35.0,True,True,True,1.0320042524955926,59.58918709629386,-10.166312473556355,,True,458.0078125,985.3515625000001,1.1368683772161603e-13,sigmoid-scaled XCT-derived continuous quality candidate; direction unresolved
test_z_241,241,1,0.7631568312644958,5,78,282.2265625,709.9609375,282.2265625,709.9609375,5.0,78.0,0.0,0.0,True,True,True,5.0,True,True,True,1.0522049905922866,70.85805038957662,-25.478485626124062,,True,282.22656250000006,709.9609375,5.684341886080802e-14,sigmoid-scaled XCT-derived continuous quality candidate; direction unresolved
test_z_241,241,2,0.7617512941360474,33,116,446.2890625,932.6171875,446.2890625,932.6171875,33.0,116.0,0.0,0.0,True,True,True,33.0,True,True,True,1.0353382843579102,60.28559090086115,-13.18403964632445,,True,446.28906250000006,932.6171875000002,2.3437142008433856e-13,sigmoid-scaled XCT-derived continuous quality candidate; direction unresolved
test_z_241,241,3,0.7599670886993408,22,136,381.8359375,1049.8046875,381.8359375,1049.8046875,22.0,136.0,0.0,0.0,True,True,True,22.0,True,True,True,1.030132540069454,64.93752088802627,-6.302478372714337,,True,381.8359375000001,1049.8046875000002,2.5421149729252077e-13,sigmoid-scaled XCT-derived continuous quality candidate; direction unresolved
test_z_241,241,4,0.7588071227073669,4,60,276.3671875,604.4921875,276.3671875,604.4921875,4.0,60.0,0.0,0.0,True,True,True,4.0,True,True,True,1.0584450916122403,70.9811962192693,-31.321561676089026,,True,276.36718750000017,604.4921875000001,2.0495186137532011e-13,sigmoid-scaled XCT-derived continuous quality candidate; direction unresolved
test_z_241,241,5,0.756558358669281,35,125,458.0078125,985.3515625,458.0078125,985.3515625,35.0,125.0,0.0,0.0,True,True,True,35.0,True,True,True,1.0320042524955926,59.58918709629386,-10.166312473556355,,True,458.0078125,985.3515625000001,1.1368683772161603e-13,sigmoid-scaled XCT-derived continuous quality candidate; direction unresolved
test_z_242,242,1,0.7634288668632507,33,116,446.2890625,932.6171875,446.2890625,932.6171875,33.0,116.0,0.0,0.0,True,True,True,33.0,True,True,True,1.0353382843579102,60.28559090086115,-13.18403964632445,,True,446.28906250000006,932.6171875000002,2.3437142008433856e-13,sigmoid-scaled XCT-derived continuous quality candidate; direction unresolved
test_z_242,242,2,0.7634032964706421,5,78,282.2265625,709.9609375,282.2265625,709.9609375,5.0,78.0,0.0,0.0,True,True,True,5.0,True,True,True,1.0522049905922866,70.85805038957662,-25.478485626124062,,True,282.22656250000006,709.9609375,5.684341886080802e-14,sigmoid-scaled XCT-derived continuous quality candidate; direction unresolved
test_z_242,242,3,0.7606562376022339,22,136,381.8359375,1049.8046875,381.8359375,1049.8046875,22.0,136.0,0.0,0.0,True,True,True,22.0,True,True,True,1.030132540069454,64.93752088802627,-6.302478372714337,,True,381.8359375000001,1049.8046875000002,2.5421149729252077e-13,sigmoid-scaled XCT-derived continuous quality candidate; direction unresolved
test_z_242,242,4,0.7589195370674133,4,60,276.3671875,604.4921875,276.3671875,604.4921875,4.0,60.0,0.0,0.0,True,True,True,4.0,True,True,True,1.0584450916122403,70.9811962192693,-31.321561676089026,,True,276.36718750000017,604.4921875000001,2.0495186137532011e-13,sigmoid-scaled XCT-derived continuous quality candidate; direction unresolved
test_z_242,242,5,0.7583664655685425,35,124,458.0078125,979.4921875,458.0078125,979.4921875,35.0,124.0,0.0,0.0,True,True,True,35.0,True,True,True,1.032342999539207,59.57771769442725,-10.5048405300732,,True,458.0078125000001,979.4921875000001,1.6077746776921858e-13,sigmoid-scaled XCT-derived continuous quality candidate; direction unresolved
test_z_243,243,1,0.7634984850883484,33,116,446.2890625,932.6171875,446.2890625,932.6171875,33.0,116.0,0.0,0.0,True,True,True,33.0,True,True,True,1.0353382843579102,60.28559090086115,-13.18403964632445,,True,446.28906250000006,932.6171875000002,2.3437142008433856e-13,sigmoid-scaled XCT-derived continuous quality candidate; direction unresolved
test_z_243,243,2,0.7631187438964844,5,78,282.2265625,709.9609375,282.2265625,709.9609375,5.0,78.0,0.0,0.0,True,True,True,5.0,True,True,True,1.0522049905922866,70.85805038957662,-25.478485626124062,,True,282.22656250000006,709.9609375,5.684341886080802e-14,sigmoid-scaled XCT-derived continuous quality candidate; direction unresolved
test_z_243,243,3,0.7593076825141907,22,136,381.8359375,1049.8046875,381.8359375,1049.8046875,22.0,136.0,0.0,0.0,True,True,True,22.0,True,True,True,1.030132540069454,64.93752088802627,-6.302478372714337,,True,381.8359375000001,1049.8046875000002,2.5421149729252077e-13,sigmoid-scaled XCT-derived continuous quality candidate; direction unresolved
test_z_243,243,4,0.7587350606918335,4,60,276.3671875,604.4921875,276.3671875,604.4921875,4.0,60.0,0.0,0.0,True,True,True,4.0,True,True,True,1.0584450916122403,70.9811962192693,-31.321561676089026,,True,276.36718750000017,604.4921875000001,2.0495186137532011e-13,sigmoid-scaled XCT-derived continuous quality candidate; direction unresolved
test_z_243,243,5,0.7564919590950012,11,79,317.3828125,715.8203125,317.3828125,715.8203125,11.0,79.0,0.0,0.0,True,True,True,11.0,True,True,True,1.0510103181393091,68.519893291943,-25.22310412944738,,True,317.38281250000034,715.8203125,3.410605131648481e-13,sigmoid-scaled XCT-derived continuous quality candidate; direction unresolved
test_z_244,244,1,0.7633522748947144,33,116,446.2890625,932.6171875,446.2890625,932.6171875,33.0,116.0,0.0,0.0,True,True,True,33.0,True,True,True,1.0353382843579102,60.28559090086115,-13.18403964632445,,True,446.28906250000006,932.6171875000002,2.3437142008433856e-13,sigmoid-scaled XCT-derived continuous quality candidate; direction unresolved
test_z_244,244,2,0.7633467316627502,5,78,282.2265625,709.9609375,282.2265625,709.9609375,5.0,78.0,0.0,0.0,True,True,True,5.0,True,True,True,1.0522049905922866,70.85805038957662,-25.478485626124062,,True,282.22656250000006,709.9609375,5.684341886080802e-14,sigmoid-scaled XCT-derived continuous quality candidate; direction unresolved
test_z_244,244,3,0.7605061531066895,22,136,381.8359375,1049.8046875,381.8359375,1049.8046875,22.0,136.0,0.0,0.0,True,True,True,22.0,True,True,True,1.030132540069454,64.93752088802627,-6.302478372714337,,True,381.8359375000001,1049.8046875000002,2.5421149729252077e-13,sigmoid-scaled XCT-derived continuous quality candidate; direction unresolved
test_z_244,244,4,0.7589924931526184,4,60,276.3671875,604.4921875,276.3671875,604.4921875,4.0,60.0,0.0,0.0,True,True,True,4.0,True,True,True,1.0584450916122403,70.9811962192693,-31.321561676089026,,True,276.36718750000017,604.4921875000001,2.0495186137532011e-13,sigmoid-scaled XCT-derived continuous quality candidate; direction unresolved
test_z_244,244,5,0.7568008899688721,12,80,323.2421875,721.6796875,323.2421875,721.6796875,12.0,80.0,0.0,0.0,True,True,True,12.0,True,True,True,1.0505289168608007,68.14137086490803,-24.90729546368474,,True,323.24218750000017,721.6796875,1.7053025658242404e-13,sigmoid-scaled XCT-derived continuous quality candidate; direction unresolved
test_z_245,245,1,0.7633201479911804,33,116,446.2890625,932.6171875,446.2890625,932.6171875,33.0,116.0,0.0,0.0,True,True,True,33.0,True,True,True,1.0353382843579102,60.28559090086115,-13.18403964632445,,True,446.28906250000006,932.6171875000002,2.3437142008433856e-13,sigmoid-scaled XCT-derived continuous quality candidate; direction unresolved
test_z_245,245,2,0.7619890570640564,5,78,282.2265625,709.9609375,282.2265625,709.9609375,5.0,78.0,0.0,0.0,True,True,True,5.0,True,True,True,1.0522049905922866,70.85805038957662,-25.478485626124062,,True,282.22656250000006,709.9609375,5.684341886080802e-14,sigmoid-scaled XCT-derived continuous quality candidate; direction unresolved
test_z_245,245,3,0.7604084610939026,22,136,381.8359375,1049.8046875,381.8359375,1049.8046875,22.0,136.0,0.0,0.0,True,True,True,22.0,True,True,True,1.030132540069454,64.93752088802627,-6.302478372714337,,True,381.8359375000001,1049.8046875000002,2.5421149729252077e-13,sigmoid-scaled XCT-derived continuous quality candidate; direction unresolved
test_z_245,245,4,0.7596734166145325,4,60,276.3671875,604.4921875,276.3671875,604.4921875,4.0,60.0,0.0,0.0,True,True,True,4.0,True,True,True,1.0584450916122403,70.9811962192693,-31.321561676089026,,True,276.36718750000017,604.4921875000001,2.0495186137532011e-13,sigmoid-scaled XCT-derived continuous quality candidate; direction unresolved
test_z_245,245,5,0.7585790753364563,12,80,323.2421875,721.6796875,323.2421875,721.6796875,12.0,80.0,0.0,0.0,True,True,True,12.0,True,True,True,1.0505289168608007,68.14137086490803,-24.90729546368474,,True,323.24218750000017,721.6796875,1.7053025658242404e-13,sigmoid-scaled XCT-derived continuous quality candidate; direction unresolved
test_z_246,246,1,0.7619085907936096,5,78,282.2265625,709.9609375,282.2265625,709.9609375,5.0,78.0,0.0,0.0,True,True,True,5.0,True,True,True,1.0522049905922866,70.85805038957662,-25.478485626124062,,True,282.22656250000006,709.9609375,5.684341886080802e-14,sigmoid-scaled XCT-derived continuous quality candidate; direction unresolved
test_z_246,246,2,0.7602403163909912,22,136,381.8359375,1049.8046875,381.8359375,1049.8046875,22.0,136.0,0.0,0.0,True,True,True,22.0,True,True,True,1.030132540069454,64.93752088802627,-6.302478372714337,,True,381.8359375000001,1049.8046875000002,2.5421149729252077e-13,sigmoid-scaled XCT-derived continuous quality candidate; direction unresolved
test_z_246,246,3,0.7601226568222046,4,60,276.3671875,604.4921875,276.3671875,604.4921875,4.0,60.0,0.0,0.0,True,True,True,4.0,True,True,True,1.0584450916122403,70.9811962192693,-31.321561676089026,,True,276.36718750000017,604.4921875000001,2.0495186137532011e-13,sigmoid-scaled XCT-derived continuous quality candidate; direction unresolved
test_z_246,246,4,0.7571045756340027,12,80,323.2421875,721.6796875,323.2421875,721.6796875,12.0,80.0,0.0,0.0,True,True,True,12.0,True,True,True,1.0505289168608007,68.14137086490803,-24.90729546368474,,True,323.24218750000017,721.6796875,1.7053025658242404e-13,sigmoid-scaled XCT-derived continuous quality candidate; direction unresolved
test_z_246,246,5,0.7567272186279297,4,56,276.3671875,581.0546875,276.3671875,581.0546875,4.0,56.0,0.0,0.0,True,True,True,4.0,True,True,True,1.059800079786698,70.92194215263328,-32.61354418372345,,True,276.36718749999994,581.0546875,5.684341886080802e-14,sigmoid-scaled XCT-derived continuous quality candidate; direction unresolved
test_z_247,247,1,0.7624874114990234,33,116,446.2890625,932.6171875,446.2890625,932.6171875,33.0,116.0,0.0,0.0,True,True,True,33.0,True,True,True,1.0353382843579102,60.28559090086115,-13.18403964632445,,True,446.28906250000006,932.6171875000002,2.3437142008433856e-13,sigmoid-scaled XCT-derived continuous quality candidate; direction unresolved
test_z_247,247,2,0.761864185333252,5,78,282.2265625,709.9609375,282.2265625,709.9609375,5.0,78.0,0.0,0.0,True,True,True,5.0,True,True,True,1.0522049905922866,70.85805038957662,-25.478485626124062,,True,282.22656250000006,709.9609375,5.684341886080802e-14,sigmoid-scaled XCT-derived continuous quality candidate; direction unresolved
test_z_247,247,3,0.7597704529762268,22,136,381.8359375,1049.8046875,381.8359375,1049.8046875,22.0,136.0,0.0,0.0,True,True,True,22.0,True,True,True,1.030132540069454,64.93752088802627,-6.302478372714337,,True,381.8359375000001,1049.8046875000002,2.5421149729252077e-13,sigmoid-scaled XCT-derived continuous quality candidate; direction unresolved
test_z_247,247,4,0.7582308650016785,4,60,276.3671875,604.4921875,276.3671875,604.4921875,4.0,60.0,0.0,0.0,True,True,True,4.0,True,True,True,1.0584450916122403,70.9811962192693,-31.321561676089026,,True,276.36718750000017,604.4921875000001,2.0495186137532011e-13,sigmoid-scaled XCT-derived continuous quality candidate; direction unresolved
test_z_247,247,5,0.7569124698638916,12,80,323.2421875,721.6796875,323.2421875,721.6796875,12.0,80.0,0.0,0.0,True,True,True,12.0,True,True,True,1.0505289168608007,68.14137086490803,-24.90729546368474,,True,323.24218750000017,721.6796875,1.7053025658242404e-13,sigmoid-scaled XCT-derived continuous quality candidate; direction unresolved
test_z_248,248,1,0.7616449594497681,5,78,282.2265625,709.9609375,282.2265625,709.9609375,5.0,78.0,0.0,0.0,True,True,True,5.0,True,True,True,1.0522049905922866,70.85805038957662,-25.478485626124062,,True,282.22656250000006,709.9609375,5.684341886080802e-14,sigmoid-scaled XCT-derived continuous quality candidate; direction unresolved
test_z_248,248,2,0.76087886095047,22,136,381.8359375,1049.8046875,381.8359375,1049.8046875,22.0,136.0,0.0,0.0,True,True,True,22.0,True,True,True,1.030132540069454,64.93752088802627,-6.302478372714337,,True,381.8359375000001,1049.8046875000002,2.5421149729252077e-13,sigmoid-scaled XCT-derived continuous quality candidate; direction unresolved
test_z_248,248,3,0.7582760453224182,4,60,276.3671875,604.4921875,276.3671875,604.4921875,4.0,60.0,0.0,0.0,True,True,True,4.0,True,True,True,1.0584450916122403,70.9811962192693,-31.321561676089026,,True,276.36718750000017,604.4921875000001,2.0495186137532011e-13,sigmoid-scaled XCT-derived continuous quality candidate; direction unresolved
test_z_248,248,4,0.7571186423301697,12,80,323.2421875,721.6796875,323.2421875,721.6796875,12.0,80.0,0.0,0.0,True,True,True,12.0,True,True,True,1.0505289168608007,68.14137086490803,-24.90729546368474,,True,323.24218750000017,721.6796875,1.7053025658242404e-13,sigmoid-scaled XCT-derived continuous quality candidate; direction unresolved
test_z_248,248,5,0.7562214732170105,4,56,276.3671875,581.0546875,276.3671875,581.0546875,4.0,56.0,0.0,0.0,True,True,True,4.0,True,True,True,1.059800079786698,70.92194215263328,-32.61354418372345,,True,276.36718749999994,581.0546875,5.684341886080802e-14,sigmoid-scaled XCT-derived continuous quality candidate; direction unresolved
test_z_249,249,1,0.7633958458900452,33,116,446.2890625,932.6171875,446.2890625,932.6171875,33.0,116.0,0.0,0.0,True,True,True,33.0,True,True,True,1.0353382843579102,60.28559090086115,-13.18403964632445,,True,446.28906250000006,932.6171875000002,2.3437142008433856e-13,sigmoid-scaled XCT-derived continuous quality candidate; direction unresolved
test_z_249,249,2,0.76083904504776,4,77,276.3671875,704.1015625,276.3671875,704.1015625,4.0,77.0,0.0,0.0,True,True,True,4.0,True,True,True,1.052686391870795,71.2347277804183,-25.793530255902624,,True,276.3671875000002,704.1015625,2.2737367544323206e-13,sigmoid-scaled XCT-derived continuous quality candidate; direction unresolved
test_z_249,249,3,0.7604982852935791,22,136,381.8359375,1049.8046875,381.8359375,1049.8046875,22.0,136.0,0.0,0.0,True,True,True,22.0,True,True,True,1.030132540069454,64.93752088802627,-6.302478372714337,,True,381.8359375000001,1049.8046875000002,2.5421149729252077e-13,sigmoid-scaled XCT-derived continuous quality candidate; direction unresolved
test_z_249,249,4,0.7580448985099792,11,80,317.3828125,721.6796875,317.3828125,721.6796875,11.0,80.0,0.0,0.0,True,True,True,11.0,True,True,True,1.0506715710956946,68.53404196356983,-24.895336028447087,,True,317.38281250000006,721.6796875,5.684341886080802e-14,sigmoid-scaled XCT-derived continuous quality candidate; direction unresolved
test_z_249,249,5,0.7575327754020691,4,60,276.3671875,604.4921875,276.3671875,604.4921875,4.0,60.0,0.0,0.0,True,True,True,4.0,True,True,True,1.0584450916122403,70.9811962192693,-31.321561676089026,,True,276.36718750000017,604.4921875000001,2.0495186137532011e-13,sigmoid-scaled XCT-derived continuous quality candidate; direction unresolved
test_z_250,250,1,0.7621357440948486,5,78,282.2265625,709.9609375,282.2265625,709.9609375,5.0,78.0,0.0,0.0,True,True,True,5.0,True,True,True,1.0522049905922866,70.85805038957662,-25.478485626124062,,True,282.22656250000006,709.9609375,5.684341886080802e-14,sigmoid-scaled XCT-derived continuous quality candidate; direction unresolved
test_z_250,250,2,0.7603351473808289,22,136,381.8359375,1049.8046875,381.8359375,1049.8046875,22.0,136.0,0.0,0.0,True,True,True,22.0,True,True,True,1.030132540069454,64.93752088802627,-6.302478372714337,,True,381.8359375000001,1049.8046875000002,2.5421149729252077e-13,sigmoid-scaled XCT-derived continuous quality candidate; direction unresolved
test_z_250,250,3,0.7587115168571472,32,118,440.4296875,944.3359375,440.4296875,944.3359375,32.0,118.0,0.0,0.0,True,True,True,32.0,True,True,True,1.0348034445055752,60.70870656178365,-12.500042393948858,,True,440.4296875,944.3359375000002,2.2737367544323206e-13,sigmoid-scaled XCT-derived continuous quality candidate; direction unresolved
test_z_250,250,4,0.7584871053695679,4,60,276.3671875,604.4921875,276.3671875,604.4921875,4.0,60.0,0.0,0.0,True,True,True,4.0,True,True,True,1.0584450916122403,70.9811962192693,-31.321561676089026,,True,276.36718750000017,604.4921875000001,2.0495186137532011e-13,sigmoid-scaled XCT-derived continuous quality candidate; direction unresolved
test_z_250,250,5,0.757275402545929,12,80,323.2421875,721.6796875,323.2421875,721.6796875,12.0,80.0,0.0,0.0,True,True,True,12.0,True,True,True,1.0505289168608007,68.14137086490803,-24.90729546368474,,True,323.24218750000017,721.6796875,1.7053025658242404e-13,sigmoid-scaled XCT-derived continuous quality candidate; direction unresolved
